Country,Coffee type,Domestic_Consumption,Year
Angola,Robusta/Arabica,1200000,1990
Bolivia (Plurinational State of),Arabica,1500000,1990
Brazil,Arabica/Robusta,492000000,1990
Burundi,Arabica/Robusta,120000,1990
Ecuador,Arabica/Robusta,21000000,1990
Indonesia,Robusta/Arabica,74520000,1990
Madagascar,Robusta,21000000,1990
Malawi,Arabica,120000,1990
Papua New Guinea,Arabica/Robusta,180000,1990
Paraguay,Arabica,900000,1990
Peru,Arabica,11400000,1990
Rwanda,Arabica,60000,1990
Timor-Leste,Arabica,0,1990
Zimbabwe,Arabica,480000,1990
Congo,Robusta,180000,1990
Cuba,Arabica,12780000,1990
Dominican Republic,Arabica/Robusta,19200000,1990
Haiti,Arabica,13200000,1990
Philippines,Robusta/Arabica,43200000,1990
Tanzania,Arabica/Robusta,240000,1990
Zambia,Arabica,90000,1990
Cameroon,Robusta/Arabica,4998000,1990
Central African Republic,Robusta,1680000,1990
Colombia,Arabica,74100000,1990
Costa Rica,Arabica,22500000,1990
Côte d'Ivoire,Robusta,3000000,1990
Democratic Republic of Congo,Robusta/Arabica,12000000,1990
El Salvador,Arabica,10800000,1990
Equatorial Guinea,Robusta,0,1990
Ethiopia,Arabica,72000000,1990
Gabon,Robusta,102000,1990
Ghana,Robusta,1020000,1990
Guatemala,Arabica/Robusta,18000000,1990
Guinea,Robusta,1500000,1990
Guyana,Robusta,0,1990
Honduras,Arabica,11289240,1990
India,Robusta/Arabica,54180000,1990
Jamaica,Arabica,420000,1990
Kenya,Arabica,3000000,1990
Lao People's Democratic Republic,Robusta,0,1990
Liberia,Robusta,180000,1990
Mexico,Arabica/Robusta,82440000,1990
Nepal,Arabica,0,1990
Nicaragua,Arabica,2040000,1990
Nigeria,Robusta,1650000,1990
Panama,Arabica,3780000,1990
Sierra Leone,Robusta,540000,1990
Sri Lanka,Robusta/Arabica,4000020,1990
Thailand,Robusta/Arabica,11280000,1990
Togo,Robusta,60000,1990
Trinidad & Tobago,Robusta,480000,1990
Uganda,Robusta/Arabica,4200000,1990
Venezuela,Arabica,46943400,1990
Viet Nam,Robusta/Arabica,9000000,1990
Yemen,Arabica,0,1990
Angola,Robusta/Arabica,1800000,1991
Bolivia (Plurinational State of),Arabica,1620000,1991
Brazil,Arabica/Robusta,510000000,1991
Burundi,Arabica/Robusta,96000,1991
Ecuador,Arabica/Robusta,21000000,1991
Indonesia,Robusta/Arabica,76800000,1991
Madagascar,Robusta,18000000,1991
Malawi,Arabica,120000,1991
Papua New Guinea,Arabica/Robusta,180000,1991
Paraguay,Arabica,900000,1991
Peru,Arabica,11400000,1991
Rwanda,Arabica,60000,1991
Timor-Leste,Arabica,0,1991
Zimbabwe,Arabica,480000,1991
Congo,Robusta,160020,1991
Cuba,Arabica,12780000,1991
Dominican Republic,Arabica/Robusta,19200000,1991
Haiti,Arabica,19800000,1991
Philippines,Robusta/Arabica,45000000,1991
Tanzania,Arabica/Robusta,210000,1991
Zambia,Arabica,90000,1991
Cameroon,Robusta/Arabica,4999980,1991
Central African Republic,Robusta,1680000,1991
Colombia,Arabica,76140000,1991
Costa Rica,Arabica,22500000,1991
Côte d'Ivoire,Robusta,3000000,1991
Democratic Republic of Congo,Robusta/Arabica,12000000,1991
El Salvador,Arabica,10800000,1991
Equatorial Guinea,Robusta,0,1991
Ethiopia,Arabica,75840000,1991
Gabon,Robusta,60000,1991
Ghana,Robusta,1020000,1991
Guatemala,Arabica/Robusta,18000000,1991
Guinea,Robusta,1500000,1991
Guyana,Robusta,0,1991
Honduras,Arabica,15426000,1991
India,Robusta/Arabica,55000020,1991
Jamaica,Arabica,660000,1991
Kenya,Arabica,3000000,1991
Lao People's Democratic Republic,Robusta,0,1991
Liberia,Robusta,180000,1991
Mexico,Arabica/Robusta,72000000,1991
Nepal,Arabica,0,1991
Nicaragua,Arabica,8280000,1991
Nigeria,Robusta,2145000,1991
Panama,Arabica,4020000,1991
Sierra Leone,Robusta,540000,1991
Sri Lanka,Robusta/Arabica,4020000,1991
Thailand,Robusta/Arabica,13200000,1991
Togo,Robusta,60000,1991
Trinidad & Tobago,Robusta,690000,1991
Uganda,Robusta/Arabica,4500000,1991
Venezuela,Arabica,48928800,1991
Viet Nam,Robusta/Arabica,13800000,1991
Yemen,Arabica,0,1991
Angola,Robusta/Arabica,2100000,1992
Bolivia (Plurinational State of),Arabica,1650000,1992
Brazil,Arabica/Robusta,534000000,1992
Burundi,Arabica/Robusta,102000,1992
Ecuador,Arabica/Robusta,21000000,1992
Indonesia,Robusta/Arabica,79140000,1992
Madagascar,Robusta,21000000,1992
Malawi,Arabica,120000,1992
Papua New Guinea,Arabica/Robusta,180000,1992
Paraguay,Arabica,900000,1992
Peru,Arabica,12000000,1992
Rwanda,Arabica,60000,1992
Timor-Leste,Arabica,0,1992
Zimbabwe,Arabica,480000,1992
Congo,Robusta,160020,1992
Cuba,Arabica,11700000,1992
Dominican Republic,Arabica/Robusta,19200000,1992
Haiti,Arabica,19800000,1992
Philippines,Robusta/Arabica,45000000,1992
Tanzania,Arabica/Robusta,1152000,1992
Zambia,Arabica,85920,1992
Cameroon,Robusta/Arabica,4999980,1992
Central African Republic,Robusta,1680000,1992
Colombia,Arabica,78180000,1992
Costa Rica,Arabica,22500000,1992
Côte d'Ivoire,Robusta,3000000,1992
Democratic Republic of Congo,Robusta/Arabica,12000000,1992
El Salvador,Arabica,13800000,1992
Equatorial Guinea,Robusta,0,1992
Ethiopia,Arabica,79860000,1992
Gabon,Robusta,48000,1992
Ghana,Robusta,1020000,1992
Guatemala,Arabica/Robusta,18000000,1992
Guinea,Robusta,3750000,1992
Guyana,Robusta,0,1992
Honduras,Arabica,14400000,1992
India,Robusta/Arabica,55020000,1992
Jamaica,Arabica,360000,1992
Kenya,Arabica,3000000,1992
Lao People's Democratic Republic,Robusta,0,1992
Liberia,Robusta,180000,1992
Mexico,Arabica/Robusta,78000000,1992
Nepal,Arabica,0,1992
Nicaragua,Arabica,3936000,1992
Nigeria,Robusta,2145000,1992
Panama,Arabica,4020000,1992
Sierra Leone,Robusta,540000,1992
Sri Lanka,Robusta/Arabica,1680000,1992
Thailand,Robusta/Arabica,13980000,1992
Togo,Robusta,60000,1992
Trinidad & Tobago,Robusta,600000,1992
Uganda,Robusta/Arabica,4500000,1992
Venezuela,Arabica,50998200,1992
Viet Nam,Robusta/Arabica,15000000,1992
Yemen,Arabica,0,1992
Angola,Robusta/Arabica,1200000,1993
Bolivia (Plurinational State of),Arabica,1710000,1993
Brazil,Arabica/Robusta,546000000,1993
Burundi,Arabica/Robusta,114600,1993
Ecuador,Arabica/Robusta,21000000,1993
Indonesia,Robusta/Arabica,81540000,1993
Madagascar,Robusta,21600000,1993
Malawi,Arabica,120000,1993
Papua New Guinea,Arabica/Robusta,120000,1993
Paraguay,Arabica,1200000,1993
Peru,Arabica,12000000,1993
Rwanda,Arabica,60000,1993
Timor-Leste,Arabica,0,1993
Zimbabwe,Arabica,499980,1993
Congo,Robusta,180000,1993
Cuba,Arabica,11646000,1993
Dominican Republic,Arabica/Robusta,19200000,1993
Haiti,Arabica,19800000,1993
Philippines,Robusta/Arabica,46200000,1993
Tanzania,Arabica/Robusta,1050000,1993
Zambia,Arabica,60000,1993
Cameroon,Robusta/Arabica,6000000,1993
Central African Republic,Robusta,1500000,1993
Colombia,Arabica,80340000,1993
Costa Rica,Arabica,22500000,1993
Côte d'Ivoire,Robusta,3000000,1993
Democratic Republic of Congo,Robusta/Arabica,12000000,1993
El Salvador,Arabica,13800000,1993
Equatorial Guinea,Robusta,0,1993
Ethiopia,Arabica,84120000,1993
Gabon,Robusta,48000,1993
Ghana,Robusta,1020000,1993
Guatemala,Arabica/Robusta,18600000,1993
Guinea,Robusta,1980000,1993
Guyana,Robusta,0,1993
Honduras,Arabica,13800000,1993
India,Robusta/Arabica,49999980,1993
Jamaica,Arabica,576000,1993
Kenya,Arabica,3000000,1993
Lao People's Democratic Republic,Robusta,0,1993
Liberia,Robusta,300000,1993
Mexico,Arabica/Robusta,64200000,1993
Nepal,Arabica,0,1993
Nicaragua,Arabica,6534000,1993
Nigeria,Robusta,2400000,1993
Panama,Arabica,4020000,1993
Sierra Leone,Robusta,300000,1993
Sri Lanka,Robusta/Arabica,1200000,1993
Thailand,Robusta/Arabica,15000000,1993
Togo,Robusta,60000,1993
Trinidad & Tobago,Robusta,600000,1993
Uganda,Robusta/Arabica,4500000,1993
Venezuela,Arabica,53155800,1993
Viet Nam,Robusta/Arabica,16020000,1993
Yemen,Arabica,0,1993
Angola,Robusta/Arabica,1500000,1994
Bolivia (Plurinational State of),Arabica,1770000,1994
Brazil,Arabica/Robusta,558000000,1994
Burundi,Arabica/Robusta,120000,1994
Ecuador,Arabica/Robusta,21000000,1994
Indonesia,Robusta/Arabica,84000000,1994
Madagascar,Robusta,9999960,1994
Malawi,Arabica,120000,1994
Papua New Guinea,Arabica/Robusta,120000,1994
Paraguay,Arabica,1200000,1994
Peru,Arabica,12000000,1994
Rwanda,Arabica,60000,1994
Timor-Leste,Arabica,0,1994
Zimbabwe,Arabica,499980,1994
Congo,Robusta,180000,1994
Cuba,Arabica,11640000,1994
Dominican Republic,Arabica/Robusta,19800000,1994
Haiti,Arabica,19800000,1994
Philippines,Robusta/Arabica,47400000,1994
Tanzania,Arabica/Robusta,1050000,1994
Zambia,Arabica,90000,1994
Cameroon,Robusta/Arabica,6000000,1994
Central African Republic,Robusta,900000,1994
Colombia,Arabica,82500000,1994
Costa Rica,Arabica,22500000,1994
Côte d'Ivoire,Robusta,3000000,1994
Democratic Republic of Congo,Robusta/Arabica,12000000,1994
El Salvador,Arabica,13800000,1994
Equatorial Guinea,Robusta,0,1994
Ethiopia,Arabica,88560000,1994
Gabon,Robusta,60000,1994
Ghana,Robusta,1680000,1994
Guatemala,Arabica/Robusta,18600000,1994
Guinea,Robusta,3000000,1994
Guyana,Robusta,0,1994
Honduras,Arabica,15180000,1994
India,Robusta/Arabica,50100000,1994
Jamaica,Arabica,900000,1994
Kenya,Arabica,3000000,1994
Lao People's Democratic Republic,Robusta,0,1994
Liberia,Robusta,300000,1994
Mexico,Arabica/Robusta,61200000,1994
Nepal,Arabica,0,1994
Nicaragua,Arabica,5376000,1994
Nigeria,Robusta,2400000,1994
Panama,Arabica,4600020,1994
Sierra Leone,Robusta,300000,1994
Sri Lanka,Robusta/Arabica,1200000,1994
Thailand,Robusta/Arabica,16980000,1994
Togo,Robusta,60000,1994
Trinidad & Tobago,Robusta,840000,1994
Uganda,Robusta/Arabica,4800000,1994
Venezuela,Arabica,55404000,1994
Viet Nam,Robusta/Arabica,16020000,1994
Yemen,Arabica,0,1994
Angola,Robusta/Arabica,600000,1995
Bolivia (Plurinational State of),Arabica,1830000,1995
Brazil,Arabica/Robusta,606000000,1995
Burundi,Arabica/Robusta,120000,1995
Ecuador,Arabica/Robusta,21000000,1995
Indonesia,Robusta/Arabica,86580000,1995
Madagascar,Robusta,10020000,1995
Malawi,Arabica,120000,1995
Papua New Guinea,Arabica/Robusta,120000,1995
Paraguay,Arabica,1200000,1995
Peru,Arabica,12000000,1995
Rwanda,Arabica,60000,1995
Timor-Leste,Arabica,0,1995
Zimbabwe,Arabica,396000,1995
Congo,Robusta,180000,1995
Cuba,Arabica,11640000,1995
Dominican Republic,Arabica/Robusta,21000000,1995
Haiti,Arabica,19800000,1995
Philippines,Robusta/Arabica,48600000,1995
Tanzania,Arabica/Robusta,816000,1995
Zambia,Arabica,36000,1995
Cameroon,Robusta/Arabica,6000000,1995
Central African Republic,Robusta,600000,1995
Colombia,Arabica,81540000,1995
Costa Rica,Arabica,22500000,1995
Côte d'Ivoire,Robusta,3000000,1995
Democratic Republic of Congo,Robusta/Arabica,12000000,1995
El Salvador,Arabica,16200000,1995
Equatorial Guinea,Robusta,0,1995
Ethiopia,Arabica,93300000,1995
Gabon,Robusta,48000,1995
Ghana,Robusta,1680000,1995
Guatemala,Arabica/Robusta,18600000,1995
Guinea,Robusta,3000000,1995
Guyana,Robusta,0,1995
Honduras,Arabica,9660000,1995
India,Robusta/Arabica,50220000,1995
Jamaica,Arabica,900000,1995
Kenya,Arabica,3000000,1995
Lao People's Democratic Republic,Robusta,0,1995
Liberia,Robusta,300000,1995
Mexico,Arabica/Robusta,70740000,1995
Nepal,Arabica,0,1995
Nicaragua,Arabica,6690000,1995
Nigeria,Robusta,2400000,1995
Panama,Arabica,4600020,1995
Sierra Leone,Robusta,480000,1995
Sri Lanka,Robusta/Arabica,1200000,1995
Thailand,Robusta/Arabica,25020000,1995
Togo,Robusta,60000,1995
Trinidad & Tobago,Robusta,840000,1995
Uganda,Robusta/Arabica,4800000,1995
Venezuela,Arabica,57747600,1995
Viet Nam,Robusta/Arabica,16910700,1995
Yemen,Arabica,0,1995
Angola,Robusta/Arabica,1200000,1996
Bolivia (Plurinational State of),Arabica,1890000,1996
Brazil,Arabica/Robusta,660000000,1996
Burundi,Arabica/Robusta,120000,1996
Ecuador,Arabica/Robusta,18000000,1996
Indonesia,Robusta/Arabica,89160000,1996
Madagascar,Robusta,10020000,1996
Malawi,Arabica,120000,1996
Papua New Guinea,Arabica/Robusta,120000,1996
Paraguay,Arabica,1200000,1996
Peru,Arabica,12000000,1996
Rwanda,Arabica,60000,1996
Timor-Leste,Arabica,0,1996
Zimbabwe,Arabica,240000,1996
Congo,Robusta,180000,1996
Cuba,Arabica,11340000,1996
Dominican Republic,Arabica/Robusta,19500000,1996
Haiti,Arabica,19800000,1996
Philippines,Robusta/Arabica,49860000,1996
Tanzania,Arabica/Robusta,996000,1996
Zambia,Arabica,60000,1996
Cameroon,Robusta/Arabica,6000000,1996
Central African Republic,Robusta,600000,1996
Colombia,Arabica,80580000,1996
Costa Rica,Arabica,22500000,1996
Côte d'Ivoire,Robusta,3000000,1996
Democratic Republic of Congo,Robusta/Arabica,12000000,1996
El Salvador,Arabica,13800000,1996
Equatorial Guinea,Robusta,0,1996
Ethiopia,Arabica,98220000,1996
Gabon,Robusta,49980,1996
Ghana,Robusta,180000,1996
Guatemala,Arabica/Robusta,18000000,1996
Guinea,Robusta,3000000,1996
Guyana,Robusta,0,1996
Honduras,Arabica,10075440,1996
India,Robusta/Arabica,50280000,1996
Jamaica,Arabica,1080000,1996
Kenya,Arabica,3000000,1996
Lao People's Democratic Republic,Robusta,0,1996
Liberia,Robusta,300000,1996
Mexico,Arabica/Robusta,74100000,1996
Nepal,Arabica,0,1996
Nicaragua,Arabica,5722200,1996
Nigeria,Robusta,2400000,1996
Panama,Arabica,4600020,1996
Sierra Leone,Robusta,480000,1996
Sri Lanka,Robusta/Arabica,1200000,1996
Thailand,Robusta/Arabica,19980000,1996
Togo,Robusta,60000,1996
Trinidad & Tobago,Robusta,840000,1996
Uganda,Robusta/Arabica,4800000,1996
Venezuela,Arabica,60190800,1996
Viet Nam,Robusta/Arabica,17850960,1996
Yemen,Arabica,0,1996
Angola,Robusta/Arabica,2400000,1997
Bolivia (Plurinational State of),Arabica,1950000,1997
Brazil,Arabica/Robusta,690000000,1997
Burundi,Arabica/Robusta,120000,1997
Ecuador,Arabica/Robusta,18000000,1997
Indonesia,Robusta/Arabica,91920000,1997
Madagascar,Robusta,10020000,1997
Malawi,Arabica,120000,1997
Papua New Guinea,Arabica/Robusta,120000,1997
Paraguay,Arabica,1200000,1997
Peru,Arabica,12000000,1997
Rwanda,Arabica,180000,1997
Timor-Leste,Arabica,0,1997
Zimbabwe,Arabica,240000,1997
Congo,Robusta,180000,1997
Cuba,Arabica,11700000,1997
Dominican Republic,Arabica/Robusta,19500000,1997
Haiti,Arabica,19800000,1997
Philippines,Robusta/Arabica,51180000,1997
Tanzania,Arabica/Robusta,1020000,1997
Zambia,Arabica,36000,1997
Cameroon,Robusta/Arabica,6000000,1997
Central African Republic,Robusta,600000,1997
Colombia,Arabica,79680000,1997
Costa Rica,Arabica,22500000,1997
Côte d'Ivoire,Robusta,3000000,1997
Democratic Republic of Congo,Robusta/Arabica,12000000,1997
El Salvador,Arabica,11500020,1997
Equatorial Guinea,Robusta,0,1997
Ethiopia,Arabica,103440000,1997
Gabon,Robusta,48000,1997
Ghana,Robusta,180000,1997
Guatemala,Arabica/Robusta,18000000,1997
Guinea,Robusta,3000000,1997
Guyana,Robusta,0,1997
Honduras,Arabica,9660000,1997
India,Robusta/Arabica,50340000,1997
Jamaica,Arabica,1200000,1997
Kenya,Arabica,3000000,1997
Lao People's Democratic Republic,Robusta,0,1997
Liberia,Robusta,300000,1997
Mexico,Arabica/Robusta,72060000,1997
Nepal,Arabica,0,1997
Nicaragua,Arabica,7380000,1997
Nigeria,Robusta,2400000,1997
Panama,Arabica,4836900,1997
Sierra Leone,Robusta,300000,1997
Sri Lanka,Robusta/Arabica,1200000,1997
Thailand,Robusta/Arabica,23400000,1997
Togo,Robusta,60000,1997
Trinidad & Tobago,Robusta,840000,1997
Uganda,Robusta/Arabica,6071400,1997
Venezuela,Arabica,62736599,1997
Viet Nam,Robusta/Arabica,18843480,1997
Yemen,Arabica,0,1997
Angola,Robusta/Arabica,1800000,1998
Bolivia (Plurinational State of),Arabica,1980000,1998
Brazil,Arabica/Robusta,732000000,1998
Burundi,Arabica/Robusta,120000,1998
Ecuador,Arabica/Robusta,18000000,1998
Indonesia,Robusta/Arabica,94680000,1998
Madagascar,Robusta,10020000,1998
Malawi,Arabica,120000,1998
Papua New Guinea,Arabica/Robusta,60000,1998
Paraguay,Arabica,1200000,1998
Peru,Arabica,12000000,1998
Rwanda,Arabica,180000,1998
Timor-Leste,Arabica,0,1998
Zimbabwe,Arabica,240000,1998
Congo,Robusta,180000,1998
Cuba,Arabica,12000000,1998
Dominican Republic,Arabica/Robusta,19500000,1998
Haiti,Arabica,19800000,1998
Philippines,Robusta/Arabica,48600000,1998
Tanzania,Arabica/Robusta,1020000,1998
Zambia,Arabica,36000,1998
Cameroon,Robusta/Arabica,6000000,1998
Central African Republic,Robusta,1140000,1998
Colombia,Arabica,78720000,1998
Costa Rica,Arabica,22500000,1998
Côte d'Ivoire,Robusta,3000000,1998
Democratic Republic of Congo,Robusta/Arabica,12000000,1998
El Salvador,Arabica,11500020,1998
Equatorial Guinea,Robusta,0,1998
Ethiopia,Arabica,108960000,1998
Gabon,Robusta,48000,1998
Ghana,Robusta,60000,1998
Guatemala,Arabica/Robusta,18000000,1998
Guinea,Robusta,3000000,1998
Guyana,Robusta,292020,1998
Honduras,Arabica,8280000,1998
India,Robusta/Arabica,54000000,1998
Jamaica,Arabica,888000,1998
Kenya,Arabica,3000000,1998
Lao People's Democratic Republic,Robusta,0,1998
Liberia,Robusta,300000,1998
Mexico,Arabica/Robusta,66480000,1998
Nepal,Arabica,0,1998
Nicaragua,Arabica,7590000,1998
Nigeria,Robusta,2400000,1998
Panama,Arabica,4020000,1998
Sierra Leone,Robusta,300000,1998
Sri Lanka,Robusta/Arabica,1800000,1998
Thailand,Robusta/Arabica,25980000,1998
Togo,Robusta,120000,1998
Trinidad & Tobago,Robusta,840000,1998
Uganda,Robusta/Arabica,6960000,1998
Venezuela,Arabica,65390400,1998
Viet Nam,Robusta/Arabica,19891140,1998
Yemen,Arabica,0,1998
Angola,Robusta/Arabica,1200000,1999
Bolivia (Plurinational State of),Arabica,2040000,1999
Brazil,Arabica/Robusta,762000000,1999
Burundi,Arabica/Robusta,120000,1999
Ecuador,Arabica/Robusta,13800000,1999
Indonesia,Robusta/Arabica,97560000,1999
Madagascar,Robusta,3360000,1999
Malawi,Arabica,60000,1999
Papua New Guinea,Arabica/Robusta,120000,1999
Paraguay,Arabica,1200000,1999
Peru,Arabica,12000000,1999
Rwanda,Arabica,120000,1999
Timor-Leste,Arabica,0,1999
Zimbabwe,Arabica,240000,1999
Congo,Robusta,180000,1999
Cuba,Arabica,12000000,1999
Dominican Republic,Arabica/Robusta,19500000,1999
Haiti,Arabica,20400000,1999
Philippines,Robusta/Arabica,51720000,1999
Tanzania,Arabica/Robusta,840000,1999
Zambia,Arabica,36000,1999
Cameroon,Robusta/Arabica,6000000,1999
Central African Republic,Robusta,1260000,1999
Colombia,Arabica,77820000,1999
Costa Rica,Arabica,22500000,1999
Côte d'Ivoire,Robusta,3000000,1999
Democratic Republic of Congo,Robusta/Arabica,12000000,1999
El Salvador,Arabica,9198000,1999
Equatorial Guinea,Robusta,0,1999
Ethiopia,Arabica,114720000,1999
Gabon,Robusta,42900,1999
Ghana,Robusta,60000,1999
Guatemala,Arabica/Robusta,18000000,1999
Guinea,Robusta,3000000,1999
Guyana,Robusta,261000,1999
Honduras,Arabica,10080000,1999
India,Robusta/Arabica,55500000,1999
Jamaica,Arabica,660000,1999
Kenya,Arabica,3000000,1999
Lao People's Democratic Republic,Robusta,0,1999
Liberia,Robusta,300000,1999
Mexico,Arabica/Robusta,69000000,1999
Nepal,Arabica,0,1999
Nicaragua,Arabica,7818000,1999
Nigeria,Robusta,2400000,1999
Panama,Arabica,4020000,1999
Sierra Leone,Robusta,300000,1999
Sri Lanka,Robusta/Arabica,1800000,1999
Thailand,Robusta/Arabica,25980000,1999
Togo,Robusta,120000,1999
Trinidad & Tobago,Robusta,840000,1999
Uganda,Robusta/Arabica,7140000,1999
Venezuela,Arabica,68156400,1999
Viet Nam,Robusta/Arabica,21000000,1999
Yemen,Arabica,0,1999
Angola,Robusta/Arabica,1200000,2000
Bolivia (Plurinational State of),Arabica,2100000,2000
Brazil,Arabica/Robusta,792000000,2000
Burundi,Arabica/Robusta,120000,2000
Ecuador,Arabica/Robusta,12000000,2000
Indonesia,Robusta/Arabica,100560000,2000
Madagascar,Robusta,5346000,2000
Malawi,Arabica,60000,2000
Papua New Guinea,Arabica/Robusta,120000,2000
Paraguay,Arabica,1200000,2000
Peru,Arabica,12000000,2000
Rwanda,Arabica,120000,2000
Timor-Leste,Arabica,0,2000
Zimbabwe,Arabica,240000,2000
Congo,Robusta,180000,2000
Cuba,Arabica,12780000,2000
Dominican Republic,Arabica/Robusta,19500000,2000
Haiti,Arabica,20400000,2000
Philippines,Robusta/Arabica,49200000,2000
Tanzania,Arabica/Robusta,900000,2000
Zambia,Arabica,36000,2000
Cameroon,Robusta/Arabica,4500000,2000
Central African Republic,Robusta,180000,2000
Colombia,Arabica,76920000,2000
Costa Rica,Arabica,22500000,2000
Côte d'Ivoire,Robusta,19000020,2000
Democratic Republic of Congo,Robusta/Arabica,12000000,2000
El Salvador,Arabica,8640000,2000
Equatorial Guinea,Robusta,0,2000
Ethiopia,Arabica,120840000,2000
Gabon,Robusta,18000,2000
Ghana,Robusta,60000,2000
Guatemala,Arabica/Robusta,18000000,2000
Guinea,Robusta,3000000,2000
Guyana,Robusta,112980,2000
Honduras,Arabica,13800000,2000
India,Robusta/Arabica,58500000,2000
Jamaica,Arabica,724020,2000
Kenya,Arabica,3000000,2000
Lao People's Democratic Republic,Robusta,0,2000
Liberia,Robusta,300000,2000
Mexico,Arabica/Robusta,78300000,2000
Nepal,Arabica,0,2000
Nicaragua,Arabica,10495800,2000
Nigeria,Robusta,2400000,2000
Panama,Arabica,4020000,2000
Sierra Leone,Robusta,300000,2000
Sri Lanka,Robusta/Arabica,1800000,2000
Thailand,Robusta/Arabica,30000000,2000
Togo,Robusta,120000,2000
Trinidad & Tobago,Robusta,840000,2000
Uganda,Robusta/Arabica,8520000,2000
Venezuela,Arabica,71039400,2000
Viet Nam,Robusta/Arabica,24097500,2000
Yemen,Arabica,0,2000
Angola,Robusta/Arabica,1200000,2001
Bolivia (Plurinational State of),Arabica,2190000,2001
Brazil,Arabica/Robusta,815400000,2001
Burundi,Arabica/Robusta,120000,2001
Ecuador,Arabica/Robusta,12000000,2001
Indonesia,Robusta/Arabica,120000000,2001
Madagascar,Robusta,7680000,2001
Malawi,Arabica,60000,2001
Papua New Guinea,Arabica/Robusta,120000,2001
Paraguay,Arabica,1200000,2001
Peru,Arabica,12000000,2001
Rwanda,Arabica,120000,2001
Timor-Leste,Arabica,0,2001
Zimbabwe,Arabica,240000,2001
Congo,Robusta,180000,2001
Cuba,Arabica,13200000,2001
Dominican Republic,Arabica/Robusta,20411880,2001
Haiti,Arabica,20400000,2001
Philippines,Robusta/Arabica,49260000,2001
Tanzania,Arabica/Robusta,900000,2001
Zambia,Arabica,36000,2001
Cameroon,Robusta/Arabica,4140000,2001
Central African Republic,Robusta,180000,2001
Colombia,Arabica,76020000,2001
Costa Rica,Arabica,22500000,2001
Côte d'Ivoire,Robusta,19000020,2001
Democratic Republic of Congo,Robusta/Arabica,12000000,2001
El Salvador,Arabica,9198000,2001
Equatorial Guinea,Robusta,0,2001
Ethiopia,Arabica,127260000,2001
Gabon,Robusta,18000,2001
Ghana,Robusta,60000,2001
Guatemala,Arabica/Robusta,18000000,2001
Guinea,Robusta,3000000,2001
Guyana,Robusta,250020,2001
Honduras,Arabica,12000000,2001
India,Robusta/Arabica,64020000,2001
Jamaica,Arabica,600000,2001
Kenya,Arabica,3000000,2001
Lao People's Democratic Republic,Robusta,0,2001
Liberia,Robusta,300000,2001
Mexico,Arabica/Robusta,90000000,2001
Nepal,Arabica,0,2001
Nicaragua,Arabica,10639380,2001
Nigeria,Robusta,2400000,2001
Panama,Arabica,4020000,2001
Sierra Leone,Robusta,300000,2001
Sri Lanka,Robusta/Arabica,1800000,2001
Thailand,Robusta/Arabica,30000000,2001
Togo,Robusta,120000,2001
Trinidad & Tobago,Robusta,840000,2001
Uganda,Robusta/Arabica,8460000,2001
Venezuela,Arabica,74044200,2001
Viet Nam,Robusta/Arabica,27651900,2001
Yemen,Arabica,0,2001
Angola,Robusta/Arabica,1200000,2002
Bolivia (Plurinational State of),Arabica,2250000,2002
Brazil,Arabica/Robusta,825000000,2002
Burundi,Arabica/Robusta,120000,2002
Ecuador,Arabica/Robusta,9000000,2002
Indonesia,Robusta/Arabica,106740000,2002
Madagascar,Robusta,13020000,2002
Malawi,Arabica,60000,2002
Papua New Guinea,Arabica/Robusta,120000,2002
Paraguay,Arabica,1200000,2002
Peru,Arabica,13200000,2002
Rwanda,Arabica,19980,2002
Timor-Leste,Arabica,0,2002
Zimbabwe,Arabica,240000,2002
Congo,Robusta,180000,2002
Cuba,Arabica,13440000,2002
Dominican Republic,Arabica/Robusta,20411880,2002
Haiti,Arabica,20400000,2002
Philippines,Robusta/Arabica,49740000,2002
Tanzania,Arabica/Robusta,900000,2002
Zambia,Arabica,36000,2002
Cameroon,Robusta/Arabica,4140000,2002
Central African Republic,Robusta,227220,2002
Colombia,Arabica,75120000,2002
Costa Rica,Arabica,22500000,2002
Côte d'Ivoire,Robusta,19000020,2002
Democratic Republic of Congo,Robusta/Arabica,12000000,2002
El Salvador,Arabica,9198000,2002
Equatorial Guinea,Robusta,0,2002
Ethiopia,Arabica,134040000,2002
Gabon,Robusta,18000,2002
Ghana,Robusta,60000,2002
Guatemala,Arabica/Robusta,18000000,2002
Guinea,Robusta,3000000,2002
Guyana,Robusta,261000,2002
Honduras,Arabica,12000000,2002
India,Robusta/Arabica,67980000,2002
Jamaica,Arabica,540000,2002
Kenya,Arabica,3000000,2002
Lao People's Democratic Republic,Robusta,9480000,2002
Liberia,Robusta,300000,2002
Mexico,Arabica/Robusta,90000000,2002
Nepal,Arabica,0,2002
Nicaragua,Arabica,10777440,2002
Nigeria,Robusta,2400000,2002
Panama,Arabica,4020000,2002
Sierra Leone,Robusta,300000,2002
Sri Lanka,Robusta/Arabica,1800000,2002
Thailand,Robusta/Arabica,30000000,2002
Togo,Robusta,120000,2002
Trinidad & Tobago,Robusta,840000,2002
Uganda,Robusta/Arabica,8400000,2002
Venezuela,Arabica,77176200,2002
Viet Nam,Robusta/Arabica,31130520,2002
Yemen,Arabica,0,2002
Angola,Robusta/Arabica,900000,2003
Bolivia (Plurinational State of),Arabica,2310000,2003
Brazil,Arabica/Robusta,852000000,2003
Burundi,Arabica/Robusta,120000,2003
Ecuador,Arabica/Robusta,9000000,2003
Indonesia,Robusta/Arabica,109980000,2003
Madagascar,Robusta,19980000,2003
Malawi,Arabica,60000,2003
Papua New Guinea,Arabica/Robusta,120000,2003
Paraguay,Arabica,1200000,2003
Peru,Arabica,13200000,2003
Rwanda,Arabica,19980,2003
Timor-Leste,Arabica,0,2003
Zimbabwe,Arabica,240000,2003
Congo,Robusta,180000,2003
Cuba,Arabica,13440000,2003
Dominican Republic,Arabica/Robusta,20400000,2003
Haiti,Arabica,20400000,2003
Philippines,Robusta/Arabica,55020000,2003
Tanzania,Arabica/Robusta,1620000,2003
Zambia,Arabica,36000,2003
Cameroon,Robusta/Arabica,4140000,2003
Central African Republic,Robusta,227220,2003
Colombia,Arabica,74220000,2003
Costa Rica,Arabica,22500000,2003
Côte d'Ivoire,Robusta,19000020,2003
Democratic Republic of Congo,Robusta/Arabica,12000000,2003
El Salvador,Arabica,9198000,2003
Equatorial Guinea,Robusta,0,2003
Ethiopia,Arabica,141180000,2003
Gabon,Robusta,18000,2003
Ghana,Robusta,60000,2003
Guatemala,Arabica/Robusta,18000000,2003
Guinea,Robusta,3000000,2003
Guyana,Robusta,285000,2003
Honduras,Arabica,12000000,2003
India,Robusta/Arabica,70020000,2003
Jamaica,Arabica,540000,2003
Kenya,Arabica,3000000,2003
Lao People's Democratic Republic,Robusta,6180000,2003
Liberia,Robusta,300000,2003
Mexico,Arabica/Robusta,90000000,2003
Nepal,Arabica,0,2003
Nicaragua,Arabica,10914900,2003
Nigeria,Robusta,2400000,2003
Panama,Arabica,4020000,2003
Sierra Leone,Robusta,300000,2003
Sri Lanka,Robusta/Arabica,1800000,2003
Thailand,Robusta/Arabica,30000000,2003
Togo,Robusta,120000,2003
Trinidad & Tobago,Robusta,840000,2003
Uganda,Robusta/Arabica,7860000,2003
Venezuela,Arabica,80440800,2003
Viet Nam,Robusta/Arabica,36410760,2003
Yemen,Arabica,8760000,2003
Angola,Robusta/Arabica,900000,2004
Bolivia (Plurinational State of),Arabica,2700000,2004
Brazil,Arabica/Robusta,896760000,2004
Burundi,Arabica/Robusta,120000,2004
Ecuador,Arabica/Robusta,9000000,2004
Indonesia,Robusta/Arabica,120000000,2004
Madagascar,Robusta,28020000,2004
Malawi,Arabica,60000,2004
Papua New Guinea,Arabica/Robusta,120000,2004
Paraguay,Arabica,1200000,2004
Peru,Arabica,13200000,2004
Rwanda,Arabica,60000,2004
Timor-Leste,Arabica,0,2004
Zimbabwe,Arabica,240000,2004
Congo,Robusta,180000,2004
Cuba,Arabica,13440000,2004
Dominican Republic,Arabica/Robusta,22679880,2004
Haiti,Arabica,20400000,2004
Philippines,Robusta/Arabica,61200000,2004
Tanzania,Arabica/Robusta,2220000,2004
Zambia,Arabica,36000,2004
Cameroon,Robusta/Arabica,4140000,2004
Central African Republic,Robusta,180000,2004
Colombia,Arabica,73380000,2004
Costa Rica,Arabica,22500000,2004
Côte d'Ivoire,Robusta,19000020,2004
Democratic Republic of Congo,Robusta/Arabica,12000000,2004
El Salvador,Arabica,10350000,2004
Equatorial Guinea,Robusta,0,2004
Ethiopia,Arabica,148680000,2004
Gabon,Robusta,18000,2004
Ghana,Robusta,95400,2004
Guatemala,Arabica/Robusta,18000000,2004
Guinea,Robusta,3000000,2004
Guyana,Robusta,330000,2004
Honduras,Arabica,13800000,2004
India,Robusta/Arabica,72120000,2004
Jamaica,Arabica,540000,2004
Kenya,Arabica,3000000,2004
Lao People's Democratic Republic,Robusta,8100000,2004
Liberia,Robusta,300000,2004
Mexico,Arabica/Robusta,90000000,2004
Nepal,Arabica,0,2004
Nicaragua,Arabica,11056680,2004
Nigeria,Robusta,2400000,2004
Panama,Arabica,4020000,2004
Sierra Leone,Robusta,300000,2004
Sri Lanka,Robusta/Arabica,1800000,2004
Thailand,Robusta/Arabica,30000000,2004
Togo,Robusta,120000,2004
Trinidad & Tobago,Robusta,840000,2004
Uganda,Robusta/Arabica,8400000,2004
Venezuela,Arabica,83843400,2004
Viet Nam,Robusta/Arabica,41781360,2004
Yemen,Arabica,8160000,2004
Angola,Robusta/Arabica,900000,2005
Bolivia (Plurinational State of),Arabica,2460000,2005
Brazil,Arabica/Robusta,932280000,2005
Burundi,Arabica/Robusta,114360,2005
Ecuador,Arabica/Robusta,9000000,2005
Indonesia,Robusta/Arabica,150000000,2005
Madagascar,Robusta,28020000,2005
Malawi,Arabica,60000,2005
Papua New Guinea,Arabica/Robusta,120000,2005
Paraguay,Arabica,1200000,2005
Peru,Arabica,13200000,2005
Rwanda,Arabica,60000,2005
Timor-Leste,Arabica,0,2005
Zimbabwe,Arabica,240000,2005
Congo,Robusta,180000,2005
Cuba,Arabica,13440000,2005
Dominican Republic,Arabica/Robusta,22679880,2005
Haiti,Arabica,20400000,2005
Philippines,Robusta/Arabica,62400000,2005
Tanzania,Arabica/Robusta,2820000,2005
Zambia,Arabica,36000,2005
Cameroon,Robusta/Arabica,4140000,2005
Central African Republic,Robusta,180000,2005
Colombia,Arabica,72540000,2005
Costa Rica,Arabica,22500000,2005
Côte d'Ivoire,Robusta,19000020,2005
Democratic Republic of Congo,Robusta/Arabica,12000000,2005
El Salvador,Arabica,13446000,2005
Equatorial Guinea,Robusta,0,2005
Ethiopia,Arabica,156540000,2005
Gabon,Robusta,18000,2005
Ghana,Robusta,95400,2005
Guatemala,Arabica/Robusta,18000000,2005
Guinea,Robusta,3000000,2005
Guyana,Robusta,336000,2005
Honduras,Arabica,13800000,2005
India,Robusta/Arabica,74280000,2005
Jamaica,Arabica,540000,2005
Kenya,Arabica,3000000,2005
Lao People's Democratic Republic,Robusta,8400000,2005
Liberia,Robusta,300000,2005
Mexico,Arabica/Robusta,103500000,2005
Nepal,Arabica,0,2005
Nicaragua,Arabica,11203140,2005
Nigeria,Robusta,2400000,2005
Panama,Arabica,4020000,2005
Sierra Leone,Robusta,300000,2005
Sri Lanka,Robusta/Arabica,1800000,2005
Thailand,Robusta/Arabica,30000000,2005
Togo,Robusta,120000,2005
Trinidad & Tobago,Robusta,840000,2005
Uganda,Robusta/Arabica,9000000,2005
Venezuela,Arabica,87390000,2005
Viet Nam,Robusta/Arabica,48000000,2005
Yemen,Arabica,8280000,2005
Angola,Robusta/Arabica,1800000,2006
Bolivia (Plurinational State of),Arabica,2520000,2006
Brazil,Arabica/Robusta,979860000,2006
Burundi,Arabica/Robusta,93600,2006
Ecuador,Arabica/Robusta,9000000,2006
Indonesia,Robusta/Arabica,169980000,2006
Madagascar,Robusta,28020000,2006
Malawi,Arabica,60000,2006
Papua New Guinea,Arabica/Robusta,120000,2006
Paraguay,Arabica,1200000,2006
Peru,Arabica,13200000,2006
Rwanda,Arabica,60000,2006
Timor-Leste,Arabica,0,2006
Zimbabwe,Arabica,240000,2006
Congo,Robusta,180000,2006
Cuba,Arabica,13440000,2006
Dominican Republic,Arabica/Robusta,22679880,2006
Haiti,Arabica,20400000,2006
Philippines,Robusta/Arabica,63600000,2006
Tanzania,Arabica/Robusta,2820000,2006
Zambia,Arabica,36000,2006
Cameroon,Robusta/Arabica,4140000,2006
Central African Republic,Robusta,180000,2006
Colombia,Arabica,71677980,2006
Costa Rica,Arabica,22500000,2006
Côte d'Ivoire,Robusta,19000020,2006
Democratic Republic of Congo,Robusta/Arabica,12000000,2006
El Salvador,Arabica,15228000,2006
Equatorial Guinea,Robusta,0,2006
Ethiopia,Arabica,164880000,2006
Gabon,Robusta,18000,2006
Ghana,Robusta,60000,2006
Guatemala,Arabica/Robusta,18000000,2006
Guinea,Robusta,3000000,2006
Guyana,Robusta,343020,2006
Honduras,Arabica,13800000,2006
India,Robusta/Arabica,76500000,2006
Jamaica,Arabica,540000,2006
Kenya,Arabica,3000000,2006
Lao People's Democratic Republic,Robusta,8400000,2006
Liberia,Robusta,300000,2006
Mexico,Arabica/Robusta,120000000,2006
Nepal,Arabica,0,2006
Nicaragua,Arabica,11351100,2006
Nigeria,Robusta,2400000,2006
Panama,Arabica,4020000,2006
Sierra Leone,Robusta,300000,2006
Sri Lanka,Robusta/Arabica,1800000,2006
Thailand,Robusta/Arabica,30000000,2006
Togo,Robusta,120000,2006
Trinidad & Tobago,Robusta,660000,2006
Uganda,Robusta/Arabica,10500000,2006
Venezuela,Arabica,91086600,2006
Viet Nam,Robusta/Arabica,55020000,2006
Yemen,Arabica,8280000,2006
Angola,Robusta/Arabica,1800000,2007
Bolivia (Plurinational State of),Arabica,2610000,2007
Brazil,Arabica/Robusta,1026600000,2007
Burundi,Arabica/Robusta,81420,2007
Ecuador,Arabica/Robusta,9000000,2007
Indonesia,Robusta/Arabica,199980000,2007
Madagascar,Robusta,28020000,2007
Malawi,Arabica,60000,2007
Papua New Guinea,Arabica/Robusta,120000,2007
Paraguay,Arabica,1200000,2007
Peru,Arabica,13200000,2007
Rwanda,Arabica,60000,2007
Timor-Leste,Arabica,0,2007
Zimbabwe,Arabica,240000,2007
Congo,Robusta,180000,2007
Cuba,Arabica,13440000,2007
Dominican Republic,Arabica/Robusta,22680000,2007
Haiti,Arabica,20400000,2007
Philippines,Robusta/Arabica,63600000,2007
Tanzania,Arabica/Robusta,2820000,2007
Zambia,Arabica,60000,2007
Cameroon,Robusta/Arabica,4140000,2007
Central African Republic,Robusta,199980,2007
Colombia,Arabica,76855380,2007
Costa Rica,Arabica,22500000,2007
Côte d'Ivoire,Robusta,19020000,2007
Democratic Republic of Congo,Robusta/Arabica,12000000,2007
El Salvador,Arabica,15030000,2007
Equatorial Guinea,Robusta,0,2007
Ethiopia,Arabica,173640000,2007
Gabon,Robusta,18000,2007
Ghana,Robusta,120000,2007
Guatemala,Arabica/Robusta,18000000,2007
Guinea,Robusta,3000000,2007
Guyana,Robusta,420000,2007
Honduras,Arabica,14700000,2007
India,Robusta/Arabica,81000000,2007
Jamaica,Arabica,540000,2007
Kenya,Arabica,3000000,2007
Lao People's Democratic Republic,Robusta,8400000,2007
Liberia,Robusta,300000,2007
Mexico,Arabica/Robusta,132000000,2007
Nepal,Arabica,0,2007
Nicaragua,Arabica,11498700,2007
Nigeria,Robusta,2400000,2007
Panama,Arabica,4020000,2007
Sierra Leone,Robusta,300000,2007
Sri Lanka,Robusta/Arabica,1800000,2007
Thailand,Robusta/Arabica,33000000,2007
Togo,Robusta,120000,2007
Trinidad & Tobago,Robusta,660000,2007
Uganda,Robusta/Arabica,10815000,2007
Venezuela,Arabica,94939800,2007
Viet Nam,Robusta/Arabica,56280000,2007
Yemen,Arabica,7800000,2007
Angola,Robusta/Arabica,1800000,2008
Bolivia (Plurinational State of),Arabica,2700000,2008
Brazil,Arabica/Robusta,1059600000,2008
Burundi,Arabica/Robusta,86100,2008
Ecuador,Arabica/Robusta,9000000,2008
Indonesia,Robusta/Arabica,199980000,2008
Madagascar,Robusta,28020000,2008
Malawi,Arabica,60000,2008
Papua New Guinea,Arabica/Robusta,120000,2008
Paraguay,Arabica,1200000,2008
Peru,Arabica,15000000,2008
Rwanda,Arabica,60000,2008
Timor-Leste,Arabica,0,2008
Zimbabwe,Arabica,240000,2008
Congo,Robusta,180000,2008
Cuba,Arabica,13200000,2008
Dominican Republic,Arabica/Robusta,22680000,2008
Haiti,Arabica,20400000,2008
Philippines,Robusta/Arabica,103200000,2008
Tanzania,Arabica/Robusta,2820000,2008
Zambia,Arabica,60000,2008
Cameroon,Robusta/Arabica,4140000,2008
Central African Republic,Robusta,300000,2008
Colombia,Arabica,77430000,2008
Costa Rica,Arabica,16071540,2008
Côte d'Ivoire,Robusta,19020000,2008
Democratic Republic of Congo,Robusta/Arabica,12000000,2008
El Salvador,Arabica,14658000,2008
Equatorial Guinea,Robusta,0,2008
Ethiopia,Arabica,182880000,2008
Gabon,Robusta,16500,2008
Ghana,Robusta,120000,2008
Guatemala,Arabica/Robusta,20100000,2008
Guinea,Robusta,3000000,2008
Guyana,Robusta,508020,2008
Honduras,Arabica,16099980,2008
India,Robusta/Arabica,76500000,2008
Jamaica,Arabica,540000,2008
Kenya,Arabica,3000000,2008
Lao People's Democratic Republic,Robusta,9000000,2008
Liberia,Robusta,300000,2008
Mexico,Arabica/Robusta,132000000,2008
Nepal,Arabica,0,2008
Nicaragua,Arabica,11648820,2008
Nigeria,Robusta,2400000,2008
Panama,Arabica,4020000,2008
Sierra Leone,Robusta,300000,2008
Sri Lanka,Robusta/Arabica,1800000,2008
Thailand,Robusta/Arabica,36000000,2008
Togo,Robusta,120000,2008
Trinidad & Tobago,Robusta,660000,2008
Uganda,Robusta/Arabica,11100000,2008
Venezuela,Arabica,98955600,2008
Viet Nam,Robusta/Arabica,61260000,2008
Yemen,Arabica,7800000,2008
Angola,Robusta/Arabica,1800000,2009
Bolivia (Plurinational State of),Arabica,2760000,2009
Brazil,Arabica/Robusta,1103400000,2009
Burundi,Arabica/Robusta,83940,2009
Ecuador,Arabica/Robusta,9000000,2009
Indonesia,Robusta/Arabica,199980000,2009
Madagascar,Robusta,28020000,2009
Malawi,Arabica,60000,2009
Papua New Guinea,Arabica/Robusta,120000,2009
Paraguay,Arabica,1200000,2009
Peru,Arabica,15000000,2009
Rwanda,Arabica,60000,2009
Timor-Leste,Arabica,0,2009
Zimbabwe,Arabica,240000,2009
Congo,Robusta,180000,2009
Cuba,Arabica,13200000,2009
Dominican Republic,Arabica/Robusta,22680000,2009
Haiti,Arabica,20400000,2009
Philippines,Robusta/Arabica,109200000,2009
Tanzania,Arabica/Robusta,2820000,2009
Zambia,Arabica,0,2009
Cameroon,Robusta/Arabica,4140000,2009
Central African Republic,Robusta,499980,2009
Colombia,Arabica,76468740,2009
Costa Rica,Arabica,17726460,2009
Côte d'Ivoire,Robusta,19020000,2009
Democratic Republic of Congo,Robusta/Arabica,12000000,2009
El Salvador,Arabica,16098000,2009
Equatorial Guinea,Robusta,0,2009
Ethiopia,Arabica,186540000,2009
Gabon,Robusta,15000,2009
Ghana,Robusta,120000,2009
Guatemala,Arabica/Robusta,19200000,2009
Guinea,Robusta,3000000,2009
Guyana,Robusta,493980,2009
Honduras,Arabica,18400020,2009
India,Robusta/Arabica,79500000,2009
Jamaica,Arabica,540000,2009
Kenya,Arabica,3000000,2009
Lao People's Democratic Republic,Robusta,9000000,2009
Liberia,Robusta,300000,2009
Mexico,Arabica/Robusta,132000000,2009
Nepal,Arabica,0,2009
Nicaragua,Arabica,11797320,2009
Nigeria,Robusta,2400000,2009
Panama,Arabica,4020000,2009
Sierra Leone,Robusta,300000,2009
Sri Lanka,Robusta/Arabica,1800000,2009
Thailand,Robusta/Arabica,42000000,2009
Togo,Robusta,120000,2009
Trinidad & Tobago,Robusta,660000,2009
Uganda,Robusta/Arabica,11322000,2009
Venezuela,Arabica,99000000,2009
Viet Nam,Robusta/Arabica,72480000,2009
Yemen,Arabica,7800000,2009
Angola,Robusta/Arabica,1800000,2010
Bolivia (Plurinational State of),Arabica,2850000,2010
Brazil,Arabica/Robusta,1147920000,2010
Burundi,Arabica/Robusta,120000,2010
Ecuador,Arabica/Robusta,9000000,2010
Indonesia,Robusta/Arabica,199980000,2010
Madagascar,Robusta,28020000,2010
Malawi,Arabica,60000,2010
Papua New Guinea,Arabica/Robusta,85800,2010
Paraguay,Arabica,1200000,2010
Peru,Arabica,15000000,2010
Rwanda,Arabica,60000,2010
Timor-Leste,Arabica,29400,2010
Zimbabwe,Arabica,240000,2010
Congo,Robusta,180000,2010
Cuba,Arabica,13200000,2010
Dominican Republic,Arabica/Robusta,22680000,2010
Haiti,Arabica,20400000,2010
Philippines,Robusta/Arabica,127500000,2010
Tanzania,Arabica/Robusta,2820000,2010
Zambia,Arabica,0,2010
Cameroon,Robusta/Arabica,4099980,2010
Central African Republic,Robusta,600000,2010
Colombia,Arabica,78661440,2010
Costa Rica,Arabica,24433260,2010
Côte d'Ivoire,Robusta,19020000,2010
Democratic Republic of Congo,Robusta/Arabica,12000000,2010
El Salvador,Arabica,16560000,2010
Equatorial Guinea,Robusta,0,2010
Ethiopia,Arabica,190260000,2010
Gabon,Robusta,56820,2010
Ghana,Robusta,120000,2010
Guatemala,Arabica/Robusta,20400000,2010
Guinea,Robusta,3000000,2010
Guyana,Robusta,510000,2010
Honduras,Arabica,20100000,2010
India,Robusta/Arabica,79500000,2010
Jamaica,Arabica,540000,2010
Kenya,Arabica,3000000,2010
Lao People's Democratic Republic,Robusta,9000000,2010
Liberia,Robusta,300000,2010
Mexico,Arabica/Robusta,141240000,2010
Nepal,Arabica,0,2010
Nicaragua,Arabica,12164700,2010
Nigeria,Robusta,2400000,2010
Panama,Arabica,4020000,2010
Sierra Leone,Robusta,300000,2010
Sri Lanka,Robusta/Arabica,2100000,2010
Thailand,Robusta/Arabica,46500000,2010
Togo,Robusta,120000,2010
Trinidad & Tobago,Robusta,600000,2010
Uganda,Robusta/Arabica,12240000,2010
Venezuela,Arabica,99000000,2010
Viet Nam,Robusta/Arabica,94980000,2010
Yemen,Arabica,7800000,2010
Angola,Robusta/Arabica,1800000,2011
Bolivia (Plurinational State of),Arabica,2940000,2011
Brazil,Arabica/Robusta,1183200000,2011
Burundi,Arabica/Robusta,120000,2011
Ecuador,Arabica/Robusta,9000000,2011
Indonesia,Robusta/Arabica,220020000,2011
Madagascar,Robusta,27000000,2011
Malawi,Arabica,60000,2011
Papua New Guinea,Arabica/Robusta,74160,2011
Paraguay,Arabica,1200000,2011
Peru,Arabica,15000000,2011
Rwanda,Arabica,60000,2011
Timor-Leste,Arabica,29400,2011
Zimbabwe,Arabica,240000,2011
Congo,Robusta,180000,2011
Cuba,Arabica,13200000,2011
Dominican Republic,Arabica/Robusta,22680000,2011
Haiti,Arabica,20400000,2011
Philippines,Robusta/Arabica,130500000,2011
Tanzania,Arabica/Robusta,3537000,2011
Zambia,Arabica,0,2011
Cameroon,Robusta/Arabica,4201020,2011
Central African Republic,Robusta,799980,2011
Colombia,Arabica,86103900,2011
Costa Rica,Arabica,22853280,2011
Côte d'Ivoire,Robusta,19020000,2011
Democratic Republic of Congo,Robusta/Arabica,12000000,2011
El Salvador,Arabica,16404000,2011
Equatorial Guinea,Robusta,0,2011
Ethiopia,Arabica,194100000,2011
Gabon,Robusta,61920,2011
Ghana,Robusta,120000,2011
Guatemala,Arabica/Robusta,21000000,2011
Guinea,Robusta,3000000,2011
Guyana,Robusta,516000,2011
Honduras,Arabica,20400000,2011
India,Robusta/Arabica,79500000,2011
Jamaica,Arabica,540000,2011
Kenya,Arabica,3000000,2011
Lao People's Democratic Republic,Robusta,9000000,2011
Liberia,Robusta,300000,2011
Mexico,Arabica/Robusta,141240000,2011
Nepal,Arabica,0,2011
Nicaragua,Arabica,12315660,2011
Nigeria,Robusta,2400000,2011
Panama,Arabica,4020000,2011
Sierra Leone,Robusta,300000,2011
Sri Lanka,Robusta/Arabica,2100000,2011
Thailand,Robusta/Arabica,66000000,2011
Togo,Robusta,12600,2011
Trinidad & Tobago,Robusta,600000,2011
Uganda,Robusta/Arabica,12600000,2011
Venezuela,Arabica,99000000,2011
Viet Nam,Robusta/Arabica,99000000,2011
Yemen,Arabica,7800000,2011
Angola,Robusta/Arabica,1800000,2012
Bolivia (Plurinational State of),Arabica,3030000,2012
Brazil,Arabica/Robusta,1219800000,2012
Burundi,Arabica/Robusta,120000,2012
Ecuador,Arabica/Robusta,9000000,2012
Indonesia,Robusta/Arabica,234000000,2012
Madagascar,Robusta,25800000,2012
Malawi,Arabica,60000,2012
Papua New Guinea,Arabica/Robusta,102660,2012
Paraguay,Arabica,1200000,2012
Peru,Arabica,15000000,2012
Rwanda,Arabica,60000,2012
Timor-Leste,Arabica,29400,2012
Zimbabwe,Arabica,240000,2012
Congo,Robusta,180000,2012
Cuba,Arabica,13200000,2012
Dominican Republic,Arabica/Robusta,22680000,2012
Haiti,Arabica,20400000,2012
Philippines,Robusta/Arabica,139500000,2012
Tanzania,Arabica/Robusta,4302000,2012
Zambia,Arabica,0,2012
Cameroon,Robusta/Arabica,4303980,2012
Central African Republic,Robusta,1000020,2012
Colombia,Arabica,90854520,2012
Costa Rica,Arabica,25385820,2012
Côte d'Ivoire,Robusta,19020000,2012
Democratic Republic of Congo,Robusta/Arabica,12000000,2012
El Salvador,Arabica,16596000,2012
Equatorial Guinea,Robusta,0,2012
Ethiopia,Arabica,197940000,2012
Gabon,Robusta,58020,2012
Ghana,Robusta,120000,2012
Guatemala,Arabica/Robusta,21600000,2012
Guinea,Robusta,3000000,2012
Guyana,Robusta,522000,2012
Honduras,Arabica,20700000,2012
India,Robusta/Arabica,82500000,2012
Jamaica,Arabica,540000,2012
Kenya,Arabica,3000000,2012
Lao People's Democratic Republic,Robusta,9000000,2012
Liberia,Robusta,300000,2012
Mexico,Arabica/Robusta,141240000,2012
Nepal,Arabica,0,2012
Nicaragua,Arabica,12471840,2012
Nigeria,Robusta,2400000,2012
Panama,Arabica,4020000,2012
Sierra Leone,Robusta,300000,2012
Sri Lanka,Robusta/Arabica,2100000,2012
Thailand,Robusta/Arabica,67800000,2012
Togo,Robusta,14520,2012
Trinidad & Tobago,Robusta,600000,2012
Uganda,Robusta/Arabica,12960000,2012
Venezuela,Arabica,99000000,2012
Viet Nam,Robusta/Arabica,109500000,2012
Yemen,Arabica,7800000,2012
Angola,Robusta/Arabica,1800000,2013
Bolivia (Plurinational State of),Arabica,3120000,2013
Brazil,Arabica/Robusta,1205100000,2013
Burundi,Arabica/Robusta,120000,2013
Ecuador,Arabica/Robusta,9300000,2013
Indonesia,Robusta/Arabica,255000000,2013
Madagascar,Robusta,24600000,2013
Malawi,Arabica,60000,2013
Papua New Guinea,Arabica/Robusta,122340,2013
Paraguay,Arabica,1200000,2013
Peru,Arabica,15000000,2013
Rwanda,Arabica,60000,2013
Timor-Leste,Arabica,29400,2013
Zimbabwe,Arabica,240000,2013
Congo,Robusta,180000,2013
Cuba,Arabica,13200000,2013
Dominican Republic,Arabica/Robusta,22999980,2013
Haiti,Arabica,20400000,2013
Philippines,Robusta/Arabica,153000000,2013
Tanzania,Arabica/Robusta,4408020,2013
Zambia,Arabica,0,2013
Cameroon,Robusta/Arabica,4408980,2013
Central African Republic,Robusta,1200000,2013
Colombia,Arabica,97021200,2013
Costa Rica,Arabica,20103600,2013
Côte d'Ivoire,Robusta,19020000,2013
Democratic Republic of Congo,Robusta/Arabica,12000000,2013
El Salvador,Arabica,16500000,2013
Equatorial Guinea,Robusta,0,2013
Ethiopia,Arabica,201900000,2013
Gabon,Robusta,34980,2013
Ghana,Robusta,120000,2013
Guatemala,Arabica/Robusta,22200000,2013
Guinea,Robusta,3000000,2013
Guyana,Robusta,528000,2013
Honduras,Arabica,21000000,2013
India,Robusta/Arabica,84000000,2013
Jamaica,Arabica,540000,2013
Kenya,Arabica,3300000,2013
Lao People's Democratic Republic,Robusta,9000000,2013
Liberia,Robusta,300000,2013
Mexico,Arabica/Robusta,139260000,2013
Nepal,Arabica,0,2013
Nicaragua,Arabica,12573660,2013
Nigeria,Robusta,2400000,2013
Panama,Arabica,4020000,2013
Sierra Leone,Robusta,300000,2013
Sri Lanka,Robusta/Arabica,2100000,2013
Thailand,Robusta/Arabica,72000000,2013
Togo,Robusta,14280,2013
Trinidad & Tobago,Robusta,600000,2013
Uganda,Robusta/Arabica,13248000,2013
Venezuela,Arabica,99000000,2013
Viet Nam,Robusta/Arabica,120000000,2013
Yemen,Arabica,7800000,2013
Angola,Robusta/Arabica,1800000,2014
Bolivia (Plurinational State of),Arabica,3210000,2014
Brazil,Arabica/Robusta,1219980000,2014
Burundi,Arabica/Robusta,120000,2014
Ecuador,Arabica/Robusta,9300000,2014
Indonesia,Robusta/Arabica,265020000,2014
Madagascar,Robusta,23400000,2014
Malawi,Arabica,60000,2014
Papua New Guinea,Arabica/Robusta,115440,2014
Paraguay,Arabica,1200000,2014
Peru,Arabica,15000000,2014
Rwanda,Arabica,60000,2014
Timor-Leste,Arabica,29400,2014
Zimbabwe,Arabica,240000,2014
Congo,Robusta,180000,2014
Cuba,Arabica,13200000,2014
Dominican Republic,Arabica/Robusta,23280000,2014
Haiti,Arabica,20400000,2014
Philippines,Robusta/Arabica,168000000,2014
Tanzania,Arabica/Robusta,4603020,2014
Zambia,Arabica,0,2014
Cameroon,Robusta/Arabica,4519020,2014
Central African Republic,Robusta,1200000,2014
Colombia,Arabica,99927060,2014
Costa Rica,Arabica,22844520,2014
Côte d'Ivoire,Robusta,19020000,2014
Democratic Republic of Congo,Robusta/Arabica,12000000,2014
El Salvador,Arabica,16800000,2014
Equatorial Guinea,Robusta,0,2014
Ethiopia,Arabica,205980000,2014
Gabon,Robusta,31020,2014
Ghana,Robusta,120000,2014
Guatemala,Arabica/Robusta,22800000,2014
Guinea,Robusta,3000000,2014
Guyana,Robusta,534000,2014
Honduras,Arabica,21300000,2014
India,Robusta/Arabica,85800000,2014
Jamaica,Arabica,540000,2014
Kenya,Arabica,3300000,2014
Lao People's Democratic Republic,Robusta,9000000,2014
Liberia,Robusta,300000,2014
Mexico,Arabica/Robusta,140820000,2014
Nepal,Arabica,0,2014
Nicaragua,Arabica,12704520,2014
Nigeria,Robusta,2400000,2014
Panama,Arabica,4020000,2014
Sierra Leone,Robusta,300000,2014
Sri Lanka,Robusta/Arabica,2100000,2014
Thailand,Robusta/Arabica,75000000,2014
Togo,Robusta,11700,2014
Trinidad & Tobago,Robusta,600000,2014
Uganda,Robusta/Arabica,13752000,2014
Venezuela,Arabica,99000000,2014
Viet Nam,Robusta/Arabica,132000000,2014
Yemen,Arabica,7500000,2014
Angola,Robusta/Arabica,1800000,2015
Bolivia (Plurinational State of),Arabica,3300000,2015
Brazil,Arabica/Robusta,1230480000,2015
Burundi,Arabica/Robusta,120000,2015
Ecuador,Arabica/Robusta,9300000,2015
Indonesia,Robusta/Arabica,273000000,2015
Madagascar,Robusta,22200000,2015
Malawi,Arabica,60000,2015
Papua New Guinea,Arabica/Robusta,108000,2015
Paraguay,Arabica,1200000,2015
Peru,Arabica,15000000,2015
Rwanda,Arabica,60000,2015
Timor-Leste,Arabica,29400,2015
Zimbabwe,Arabica,240000,2015
Congo,Robusta,180000,2015
Cuba,Arabica,13200000,2015
Dominican Republic,Arabica/Robusta,23280000,2015
Haiti,Arabica,20400000,2015
Philippines,Robusta/Arabica,180000000,2015
Tanzania,Arabica/Robusta,5523000,2015
Zambia,Arabica,0,2015
Cameroon,Robusta/Arabica,4560000,2015
Central African Republic,Robusta,1200000,2015
Colombia,Arabica,103222380,2015
Costa Rica,Arabica,26929260,2015
Côte d'Ivoire,Robusta,19020000,2015
Democratic Republic of Congo,Robusta/Arabica,12000000,2015
El Salvador,Arabica,17100000,2015
Equatorial Guinea,Robusta,0,2015
Ethiopia,Arabica,210060000,2015
Gabon,Robusta,30000,2015
Ghana,Robusta,120000,2015
Guatemala,Arabica/Robusta,23400000,2015
Guinea,Robusta,3000000,2015
Guyana,Robusta,540000,2015
Honduras,Arabica,21900000,2015
India,Robusta/Arabica,87000000,2015
Jamaica,Arabica,540000,2015
Kenya,Arabica,3600000,2015
Lao People's Democratic Republic,Robusta,9000000,2015
Liberia,Robusta,300000,2015
Mexico,Arabica/Robusta,139740000,2015
Nepal,Arabica,0,2015
Nicaragua,Arabica,12836760,2015
Nigeria,Robusta,2400000,2015
Panama,Arabica,4020000,2015
Sierra Leone,Robusta,300000,2015
Sri Lanka,Robusta/Arabica,2100000,2015
Thailand,Robusta/Arabica,78000000,2015
Togo,Robusta,13200,2015
Trinidad & Tobago,Robusta,600000,2015
Uganda,Robusta/Arabica,14040000,2015
Venezuela,Arabica,99000000,2015
Viet Nam,Robusta/Arabica,138000000,2015
Yemen,Arabica,6900000,2015
Angola,Robusta/Arabica,1800000,2016
Bolivia (Plurinational State of),Arabica,3420000,2016
Brazil,Arabica/Robusta,1273500000,2016
Burundi,Arabica/Robusta,120000,2016
Ecuador,Arabica/Robusta,9300000,2016
Indonesia,Robusta/Arabica,279000000,2016
Madagascar,Robusta,21600000,2016
Malawi,Arabica,60000,2016
Papua New Guinea,Arabica/Robusta,120000,2016
Paraguay,Arabica,1200000,2016
Peru,Arabica,15000000,2016
Rwanda,Arabica,60000,2016
Timor-Leste,Arabica,29400,2016
Zimbabwe,Arabica,240000,2016
Congo,Robusta,180000,2016
Cuba,Arabica,13200000,2016
Dominican Republic,Arabica/Robusta,23400000,2016
Haiti,Arabica,20400000,2016
Philippines,Robusta/Arabica,181800000,2016
Tanzania,Arabica/Robusta,5478000,2016
Zambia,Arabica,0,2016
Cameroon,Robusta/Arabica,4620000,2016
Central African Republic,Robusta,1200000,2016
Colombia,Arabica,104186484,2016
Costa Rica,Arabica,19767420,2016
Côte d'Ivoire,Robusta,19020000,2016
Democratic Republic of Congo,Robusta/Arabica,12000000,2016
El Salvador,Arabica,17520000,2016
Equatorial Guinea,Robusta,0,2016
Ethiopia,Arabica,214260000,2016
Gabon,Robusta,30000,2016
Ghana,Robusta,120000,2016
Guatemala,Arabica/Robusta,23400000,2016
Guinea,Robusta,3000000,2016
Guyana,Robusta,540000,2016
Honduras,Arabica,22200000,2016
India,Robusta/Arabica,86400000,2016
Jamaica,Arabica,540000,2016
Kenya,Arabica,3600000,2016
Lao People's Democratic Republic,Robusta,9000000,2016
Liberia,Robusta,300000,2016
Mexico,Arabica/Robusta,141600000,2016
Nepal,Arabica,0,2016
Nicaragua,Arabica,13003680,2016
Nigeria,Robusta,2400000,2016
Panama,Arabica,4020000,2016
Sierra Leone,Robusta,300000,2016
Sri Lanka,Robusta/Arabica,2100000,2016
Thailand,Robusta/Arabica,81000000,2016
Togo,Robusta,15240,2016
Trinidad & Tobago,Robusta,600000,2016
Uganda,Robusta/Arabica,14400000,2016
Venezuela,Arabica,99000000,2016
Viet Nam,Robusta/Arabica,144000000,2016
Yemen,Arabica,6000000,2016
Angola,Robusta/Arabica,1800000,2017
Bolivia (Plurinational State of),Arabica,3510000,2017
Brazil,Arabica/Robusta,1319820000,2017
Burundi,Arabica/Robusta,120000,2017
Ecuador,Arabica/Robusta,9300000,2017
Indonesia,Robusta/Arabica,285000000,2017
Madagascar,Robusta,21900000,2017
Malawi,Arabica,60000,2017
Papua New Guinea,Arabica/Robusta,120000,2017
Paraguay,Arabica,1200000,2017
Peru,Arabica,15000000,2017
Rwanda,Arabica,60000,2017
Timor-Leste,Arabica,29400,2017
Zimbabwe,Arabica,240000,2017
Congo,Robusta,180000,2017
Cuba,Arabica,13200000,2017
Dominican Republic,Arabica/Robusta,23400000,2017
Haiti,Arabica,20400000,2017
Philippines,Robusta/Arabica,190800000,2017
Tanzania,Arabica/Robusta,5500020,2017
Zambia,Arabica,0,2017
Cameroon,Robusta/Arabica,4680000,2017
Central African Republic,Robusta,1200000,2017
Colombia,Arabica,107596260,2017
Costa Rica,Arabica,21200040,2017
Côte d'Ivoire,Robusta,19020000,2017
Democratic Republic of Congo,Robusta/Arabica,12000000,2017
El Salvador,Arabica,18000000,2017
Equatorial Guinea,Robusta,0,2017
Ethiopia,Arabica,218580000,2017
Gabon,Robusta,30000,2017
Ghana,Robusta,120000,2017
Guatemala,Arabica/Robusta,23700000,2017
Guinea,Robusta,3000000,2017
Guyana,Robusta,540000,2017
Honduras,Arabica,22500000,2017
India,Robusta/Arabica,88200000,2017
Jamaica,Arabica,540000,2017
Kenya,Arabica,3900000,2017
Lao People's Democratic Republic,Robusta,9300000,2017
Liberia,Robusta,300000,2017
Mexico,Arabica/Robusta,144000000,2017
Nepal,Arabica,0,2017
Nicaragua,Arabica,13080000,2017
Nigeria,Robusta,2400000,2017
Panama,Arabica,4020000,2017
Sierra Leone,Robusta,300000,2017
Sri Lanka,Robusta/Arabica,2100000,2017
Thailand,Robusta/Arabica,82500000,2017
Togo,Robusta,15240,2017
Trinidad & Tobago,Robusta,600000,2017
Uganda,Robusta/Arabica,14688000,2017
Venezuela,Arabica,96000000,2017
Viet Nam,Robusta/Arabica,150000000,2017
Yemen,Arabica,5400000,2017
Angola,Robusta/Arabica,1800000,2018
Bolivia (Plurinational State of),Arabica,3600000,2018
Brazil,Arabica/Robusta,1332000000,2018
Burundi,Arabica/Robusta,120000,2018
Ecuador,Arabica/Robusta,9300000,2018
Indonesia,Robusta/Arabica,288000000,2018
Madagascar,Robusta,22500000,2018
Malawi,Arabica,60000,2018
Papua New Guinea,Arabica/Robusta,120000,2018
Paraguay,Arabica,1200000,2018
Peru,Arabica,15000000,2018
Rwanda,Arabica,60000,2018
Timor-Leste,Arabica,29400,2018
Zimbabwe,Arabica,240000,2018
Congo,Robusta,180000,2018
Cuba,Arabica,13200000,2018
Dominican Republic,Arabica/Robusta,23400000,2018
Haiti,Arabica,20700000,2018
Philippines,Robusta/Arabica,198000000,2018
Tanzania,Arabica/Robusta,5520000,2018
Zambia,Arabica,0,2018
Cameroon,Robusta/Arabica,4680000,2018
Central African Republic,Robusta,1200000,2018
Colombia,Arabica,107484600,2018
Costa Rica,Arabica,21900000,2018
Côte d'Ivoire,Robusta,19020000,2018
Democratic Republic of Congo,Robusta/Arabica,12000000,2018
El Salvador,Arabica,18000000,2018
Equatorial Guinea,Robusta,0,2018
Ethiopia,Arabica,221100000,2018
Gabon,Robusta,30000,2018
Ghana,Robusta,120000,2018
Guatemala,Arabica/Robusta,23700000,2018
Guinea,Robusta,3000000,2018
Guyana,Robusta,540000,2018
Honduras,Arabica,22500000,2018
India,Robusta/Arabica,88500000,2018
Jamaica,Arabica,540000,2018
Kenya,Arabica,4200000,2018
Lao People's Democratic Republic,Robusta,9300000,2018
Liberia,Robusta,300000,2018
Mexico,Arabica/Robusta,147000000,2018
Nepal,Arabica,0,2018
Nicaragua,Arabica,13200000,2018
Nigeria,Robusta,2400000,2018
Panama,Arabica,4020000,2018
Sierra Leone,Robusta,300000,2018
Sri Lanka,Robusta/Arabica,2100000,2018
Thailand,Robusta/Arabica,84000000,2018
Togo,Robusta,15240,2018
Trinidad & Tobago,Robusta,600000,2018
Uganda,Robusta/Arabica,15000000,2018
Venezuela,Arabica,93000000,2018
Viet Nam,Robusta/Arabica,156000000,2018
Yemen,Arabica,3900000,2018
Angola,Robusta/Arabica,1800000,2019
Bolivia (Plurinational State of),Arabica,3660000,2019
Brazil,Arabica/Robusta,1320000000,2019
Burundi,Arabica/Robusta,120000,2019
Ecuador,Arabica/Robusta,8940000,2019
Indonesia,Robusta/Arabica,288360000,2019
Madagascar,Robusta,22500000,2019
Malawi,Arabica,60000,2019
Papua New Guinea,Arabica/Robusta,120000,2019
Paraguay,Arabica,1200000,2019
Peru,Arabica,15000000,2019
Rwanda,Arabica,60000,2019
Timor-Leste,Arabica,29400,2019
Zimbabwe,Arabica,240000,2019
Congo,Robusta,180000,2019
Cuba,Arabica,12960000,2019
Dominican Republic,Arabica/Robusta,22620000,2019
Haiti,Arabica,20700000,2019
Philippines,Robusta/Arabica,195000000,2019
Tanzania,Arabica/Robusta,5700000,2019
Zambia,Arabica,0,2019
Cameroon,Robusta/Arabica,4620000,2019
Central African Republic,Robusta,1200000,2019
Colombia,Arabica,121486440,2019
Costa Rica,Arabica,21120000,2019
Côte d'Ivoire,Robusta,19020000,2019
Democratic Republic of Congo,Robusta/Arabica,11880000,2019
El Salvador,Arabica,17520000,2019
Equatorial Guinea,Robusta,0,2019
Ethiopia,Arabica,226860000,2019
Gabon,Robusta,30000,2019
Ghana,Robusta,120000,2019
Guatemala,Arabica/Robusta,23580000,2019
Guinea,Robusta,3000000,2019
Guyana,Robusta,540000,2019
Honduras,Arabica,21000000,2019
India,Robusta/Arabica,87000000,2019
Jamaica,Arabica,540000,2019
Kenya,Arabica,4290000,2019
Lao People's Democratic Republic,Robusta,9420000,2019
Liberia,Robusta,300000,2019
Mexico,Arabica/Robusta,145500000,2019
Nepal,Arabica,0,2019
Nicaragua,Arabica,12600000,2019
Nigeria,Robusta,2400000,2019
Panama,Arabica,4020000,2019
Sierra Leone,Robusta,300000,2019
Sri Lanka,Robusta/Arabica,2100000,2019
Thailand,Robusta/Arabica,84000000,2019
Togo,Robusta,15600,2019
Trinidad & Tobago,Robusta,600000,2019
Uganda,Robusta/Arabica,15240000,2019
Venezuela,Arabica,76500000,2019
Viet Nam,Robusta/Arabica,159000000,2019
Yemen,Arabica,3840000,2019
