País,Coffee type,Total_production ,Year
Angola,Robusta/Arabica,3000000.0,1990
Bolivia (Plurinational State of),Arabica,7380000.0,1990
Brazil,Arabica/Robusta,1637160000.0,1990
Burundi,Arabica/Robusta,29220000.0,1990
Ecuador,Arabica/Robusta,90240000.0,1990
Indonesia,Robusta/Arabica,446460000.0,1990
Madagascar,Robusta,58920000.0,1990
Malawi,Arabica,6300000.0,1990
Papua New Guinea,Arabica/Robusta,57780000.0,1990
Paraguay,Arabica,7860000.0,1990
Peru,Arabica,56220000.0,1990
Rwanda,Arabica,32100000.0,1990
Timor-Leste,Arabica,0.0,1990
Zimbabwe,Arabica,15120000.0,1990
Congo,Robusta,180000.0,1990
Cuba,Arabica,24840000.0,1990
Dominican Republic,Arabica/Robusta,52800000.0,1990
Haiti,Arabica,23580000.0,1990
Philippines,Robusta/Arabica,58440000.0,1990
Tanzania,Arabica/Robusta,55920000.0,1990
Zambia,Arabica,1380000.0,1990
Cameroon,Robusta/Arabica,100920000.0,1990
Central African Republic,Robusta,10500000.0,1990
Colombia,Arabica,863760000.0,1990
Costa Rica,Arabica,153720000.0,1990
Côte d'Ivoire,Robusta,176400000.0,1990
Democratic Republic of Congo,Robusta/Arabica,94800000.0,1990
El Salvador,Arabica,147900000.0,1990
Equatorial Guinea,Robusta,240000.0,1990
Ethiopia,Arabica,174540000.0,1990
Gabon,Robusta,180000.0,1990
Ghana,Robusta,2280000.0,1990
Guatemala,Arabica/Robusta,196260000.0,1990
Guinea,Robusta,2640000.0,1990
Guyana,Robusta,0.0,1990
Honduras,Arabica,94080000.0,1990
India,Robusta/Arabica,169740000.0,1990
Jamaica,Arabica,1380000.0,1990
Kenya,Arabica,89100000.0,1990
Lao People's Democratic Republic,Robusta,0.0,1990
Liberia,Robusta,180000.0,1990
Mexico,Arabica/Robusta,280440000.0,1990
Nepal,Arabica,0.0,1990
Nicaragua,Arabica,27660000.0,1990
Nigeria,Robusta,1740000.0,1990
Panama,Arabica,12900000.0,1990
Sierra Leone,Robusta,2580000.0,1990
Sri Lanka,Robusta/Arabica,5760000.0,1990
Thailand,Robusta/Arabica,45420000.0,1990
Togo,Robusta,9660000.0,1990
Trinidad & Tobago,Robusta,900000.0,1990
Uganda,Robusta/Arabica,117300000.0,1990
Venezuela,Arabica,67320000.0,1990
Viet Nam,Robusta/Arabica,78600000.0,1990
Yemen,Arabica,0.0,1990
Angola,Robusta/Arabica,4740000.0,1991
Bolivia (Plurinational State of),Arabica,6240000.0,1991
Brazil,Arabica/Robusta,1637580000.0,1991
Burundi,Arabica/Robusta,40020000.0,1991
Ecuador,Arabica/Robusta,127440000.0,1991
Indonesia,Robusta/Arabica,509580000.0,1991
Madagascar,Robusta,55980000.0,1991
Malawi,Arabica,7440000.0,1991
Papua New Guinea,Arabica/Robusta,44820000.0,1991
Paraguay,Arabica,4800000.0,1991
Peru,Arabica,72000000.0,1991
Rwanda,Arabica,29040000.0,1991
Timor-Leste,Arabica,0.0,1991
Zimbabwe,Arabica,12060000.0,1991
Congo,Robusta,180000.0,1991
Cuba,Arabica,18120000.0,1991
Dominican Republic,Arabica/Robusta,19260000.0,1991
Haiti,Arabica,27780000.0,1991
Philippines,Robusta/Arabica,61080000.0,1991
Tanzania,Arabica/Robusta,47400000.0,1991
Zambia,Arabica,1740000.0,1991
Cameroon,Robusta/Arabica,103560000.0,1991
Central African Republic,Robusta,7500000.0,1991
Colombia,Arabica,1078800000.0,1991
Costa Rica,Arabica,165600000.0,1991
Côte d'Ivoire,Robusta,247740000.0,1991
Democratic Republic of Congo,Robusta/Arabica,73800000.0,1991
El Salvador,Arabica,131880000.0,1991
Equatorial Guinea,Robusta,180000.0,1991
Ethiopia,Arabica,175500000.0,1991
Gabon,Robusta,120000.0,1991
Ghana,Robusta,4560000.0,1991
Guatemala,Arabica/Robusta,209820000.0,1991
Guinea,Robusta,5460000.0,1991
Guyana,Robusta,0.0,1991
Honduras,Arabica,139320000.0,1991
India,Robusta/Arabica,180000000.0,1991
Jamaica,Arabica,2340000.0,1991
Kenya,Arabica,90840000.0,1991
Lao People's Democratic Republic,Robusta,0.0,1991
Liberia,Robusta,180000.0,1991
Mexico,Arabica/Robusta,283620000.0,1991
Nepal,Arabica,0.0,1991
Nicaragua,Arabica,42420000.0,1991
Nigeria,Robusta,2640000.0,1991
Panama,Arabica,11580000.0,1991
Sierra Leone,Robusta,3240000.0,1991
Sri Lanka,Robusta/Arabica,4920000.0,1991
Thailand,Robusta/Arabica,88140000.0,1991
Togo,Robusta,25980000.0,1991
Trinidad & Tobago,Robusta,1080000.0,1991
Uganda,Robusta/Arabica,125280000.0,1991
Venezuela,Arabica,56460000.0,1991
Viet Nam,Robusta/Arabica,86280000.0,1991
Yemen,Arabica,0.0,1991
Angola,Robusta/Arabica,4680000.0,1992
Bolivia (Plurinational State of),Arabica,7200000.0,1992
Brazil,Arabica/Robusta,2076180000.0,1992
Burundi,Arabica/Robusta,37200000.0,1992
Ecuador,Arabica/Robusta,71100000.0,1992
Indonesia,Robusta/Arabica,334140000.0,1992
Madagascar,Robusta,67320000.0,1992
Malawi,Arabica,8220000.0,1992
Papua New Guinea,Arabica/Robusta,54000000.0,1992
Paraguay,Arabica,3240000.0,1992
Peru,Arabica,105720000.0,1992
Rwanda,Arabica,38340000.0,1992
Timor-Leste,Arabica,0.0,1992
Zimbabwe,Arabica,4680000.0,1992
Congo,Robusta,180000.0,1992
Cuba,Arabica,17040000.0,1992
Dominican Republic,Arabica/Robusta,38280000.0,1992
Haiti,Arabica,30000000.0,1992
Philippines,Robusta/Arabica,55200000.0,1992
Tanzania,Arabica/Robusta,47160000.0,1992
Zambia,Arabica,1740000.0,1992
Cameroon,Robusta/Arabica,15600000.0,1992
Central African Republic,Robusta,8040000.0,1992
Colombia,Arabica,896820000.0,1992
Costa Rica,Arabica,179880000.0,1992
Côte d'Ivoire,Robusta,134760000.0,1992
Democratic Republic of Congo,Robusta/Arabica,70800000.0,1992
El Salvador,Arabica,180060000.0,1992
Equatorial Guinea,Robusta,120000.0,1992
Ethiopia,Arabica,109500000.0,1992
Gabon,Robusta,180000.0,1992
Ghana,Robusta,2220000.0,1992
Guatemala,Arabica/Robusta,259080000.0,1992
Guinea,Robusta,4560000.0,1992
Guyana,Robusta,0.0,1992
Honduras,Arabica,115080000.0,1992
India,Robusta/Arabica,169380000.0,1992
Jamaica,Arabica,1560000.0,1992
Kenya,Arabica,78960000.0,1992
Lao People's Democratic Republic,Robusta,0.0,1992
Liberia,Robusta,180000.0,1992
Mexico,Arabica/Robusta,204060000.0,1992
Nepal,Arabica,0.0,1992
Nicaragua,Arabica,32820000.0,1992
Nigeria,Robusta,2940000.0,1992
Panama,Arabica,11820000.0,1992
Sierra Leone,Robusta,2340000.0,1992
Sri Lanka,Robusta/Arabica,3180000.0,1992
Thailand,Robusta/Arabica,75300000.0,1992
Togo,Robusta,5160000.0,1992
Trinidad & Tobago,Robusta,840000.0,1992
Uganda,Robusta/Arabica,131100000.0,1992
Venezuela,Arabica,72900000.0,1992
Viet Nam,Robusta/Arabica,140400000.0,1992
Yemen,Arabica,0.0,1992
Angola,Robusta/Arabica,1980000.0,1993
Bolivia (Plurinational State of),Arabica,3060000.0,1993
Brazil,Arabica/Robusta,1690020000.0,1993
Burundi,Arabica/Robusta,23580000.0,1993
Ecuador,Arabica/Robusta,124140000.0,1993
Indonesia,Robusta/Arabica,404580000.0,1993
Madagascar,Robusta,26520000.0,1993
Malawi,Arabica,3720000.0,1993
Papua New Guinea,Arabica/Robusta,61140000.0,1993
Paraguay,Arabica,4020000.0,1993
Peru,Arabica,39900000.0,1993
Rwanda,Arabica,26640000.0,1993
Timor-Leste,Arabica,0.0,1993
Zimbabwe,Arabica,720000.0,1993
Congo,Robusta,180000.0,1993
Cuba,Arabica,17100000.0,1993
Dominican Republic,Arabica/Robusta,36240000.0,1993
Haiti,Arabica,27060000.0,1993
Philippines,Robusta/Arabica,52500000.0,1993
Tanzania,Arabica/Robusta,44040000.0,1993
Zambia,Arabica,1620000.0,1993
Cameroon,Robusta/Arabica,40980000.0,1993
Central African Republic,Robusta,9960000.0,1993
Colombia,Arabica,685320000.0,1993
Costa Rica,Arabica,141540000.0,1993
Côte d'Ivoire,Robusta,137580000.0,1993
Democratic Republic of Congo,Robusta/Arabica,58800000.0,1993
El Salvador,Arabica,142680000.0,1993
Equatorial Guinea,Robusta,0.0,1993
Ethiopia,Arabica,178020000.0,1993
Gabon,Robusta,180000.0,1993
Ghana,Robusta,2700000.0,1993
Guatemala,Arabica/Robusta,212160000.0,1993
Guinea,Robusta,3840000.0,1993
Guyana,Robusta,0.0,1993
Honduras,Arabica,109740000.0,1993
India,Robusta/Arabica,211980000.0,1993
Jamaica,Arabica,2040000.0,1993
Kenya,Arabica,79680000.0,1993
Lao People's Democratic Republic,Robusta,0.0,1993
Liberia,Robusta,300000.0,1993
Mexico,Arabica/Robusta,301380000.0,1993
Nepal,Arabica,0.0,1993
Nicaragua,Arabica,42360000.0,1993
Nigeria,Robusta,2700000.0,1993
Panama,Arabica,8520000.0,1993
Sierra Leone,Robusta,2220000.0,1993
Sri Lanka,Robusta/Arabica,3240000.0,1993
Thailand,Robusta/Arabica,76500000.0,1993
Togo,Robusta,11700000.0,1993
Trinidad & Tobago,Robusta,960000.0,1993
Uganda,Robusta/Arabica,188520000.0,1993
Venezuela,Arabica,79980000.0,1993
Viet Nam,Robusta/Arabica,181200000.0,1993
Yemen,Arabica,0.0,1993
Angola,Robusta/Arabica,4620000.0,1994
Bolivia (Plurinational State of),Arabica,7020000.0,1994
Brazil,Arabica/Robusta,1691520000.0,1994
Burundi,Arabica/Robusta,39840000.0,1994
Ecuador,Arabica/Robusta,142560000.0,1994
Indonesia,Robusta/Arabica,322080000.0,1994
Madagascar,Robusta,38460000.0,1994
Malawi,Arabica,5040000.0,1994
Papua New Guinea,Arabica/Robusta,68340000.0,1994
Paraguay,Arabica,1500000.0,1994
Peru,Arabica,70740000.0,1994
Rwanda,Arabica,1320000.0,1994
Timor-Leste,Arabica,0.0,1994
Zimbabwe,Arabica,6360000.0,1994
Congo,Robusta,480000.0,1994
Cuba,Arabica,17040000.0,1994
Dominican Republic,Arabica/Robusta,43800000.0,1994
Haiti,Arabica,27000000.0,1994
Philippines,Robusta/Arabica,52620000.0,1994
Tanzania,Arabica/Robusta,40740000.0,1994
Zambia,Arabica,1260000.0,1994
Cameroon,Robusta/Arabica,24360000.0,1994
Central African Republic,Robusta,15000000.0,1994
Colombia,Arabica,777840000.0,1994
Costa Rica,Arabica,148920000.0,1994
Côte d'Ivoire,Robusta,180360000.0,1994
Democratic Republic of Congo,Robusta/Arabica,77880000.0,1994
El Salvador,Arabica,137580000.0,1994
Equatorial Guinea,Robusta,180000.0,1994
Ethiopia,Arabica,165780000.0,1994
Gabon,Robusta,480000.0,1994
Ghana,Robusta,3420000.0,1994
Guatemala,Arabica/Robusta,227220000.0,1994
Guinea,Robusta,11880000.0,1994
Guyana,Robusta,0.0,1994
Honduras,Arabica,130860000.0,1994
India,Robusta/Arabica,180120000.0,1994
Jamaica,Arabica,2700000.0,1994
Kenya,Arabica,99780000.0,1994
Lao People's Democratic Republic,Robusta,0.0,1994
Liberia,Robusta,300000.0,1994
Mexico,Arabica/Robusta,249540000.0,1994
Nepal,Arabica,0.0,1994
Nicaragua,Arabica,40980000.0,1994
Nigeria,Robusta,3120000.0,1994
Panama,Arabica,14880000.0,1994
Sierra Leone,Robusta,4380000.0,1994
Sri Lanka,Robusta/Arabica,2520000.0,1994
Thailand,Robusta/Arabica,83940000.0,1994
Togo,Robusta,10560000.0,1994
Trinidad & Tobago,Robusta,1080000.0,1994
Uganda,Robusta/Arabica,143580000.0,1994
Venezuela,Arabica,59340000.0,1994
Viet Nam,Robusta/Arabica,217920000.0,1994
Yemen,Arabica,0.0,1994
Angola,Robusta/Arabica,3720000.0,1995
Bolivia (Plurinational State of),Arabica,8520000.0,1995
Brazil,Arabica/Robusta,1083600000.0,1995
Burundi,Arabica/Robusta,26040000.0,1995
Ecuador,Arabica/Robusta,113280000.0,1995
Indonesia,Robusta/Arabica,274380000.0,1995
Madagascar,Robusta,47100000.0,1995
Malawi,Arabica,5460000.0,1995
Papua New Guinea,Arabica/Robusta,60120000.0,1995
Paraguay,Arabica,1560000.0,1995
Peru,Arabica,112260000.0,1995
Rwanda,Arabica,19740000.0,1995
Timor-Leste,Arabica,0.0,1995
Zimbabwe,Arabica,7860000.0,1995
Congo,Robusta,720000.0,1995
Cuba,Arabica,17100000.0,1995
Dominican Republic,Arabica/Robusta,53160000.0,1995
Haiti,Arabica,30840000.0,1995
Philippines,Robusta/Arabica,51000000.0,1995
Tanzania,Arabica/Robusta,53820000.0,1995
Zambia,Arabica,1560000.0,1995
Cameroon,Robusta/Arabica,39600000.0,1995
Central African Republic,Robusta,6480000.0,1995
Colombia,Arabica,776280000.0,1995
Costa Rica,Arabica,170640000.0,1995
Côte d'Ivoire,Robusta,151920000.0,1995
Democratic Republic of Congo,Robusta/Arabica,65880000.0,1995
El Salvador,Arabica,155100000.0,1995
Equatorial Guinea,Robusta,120000.0,1995
Ethiopia,Arabica,189900000.0,1995
Gabon,Robusta,120000.0,1995
Ghana,Robusta,3420000.0,1995
Guatemala,Arabica/Robusta,240120000.0,1995
Guinea,Robusta,6240000.0,1995
Guyana,Robusta,0.0,1995
Honduras,Arabica,114540000.0,1995
India,Robusta/Arabica,240720000.0,1995
Jamaica,Arabica,2580000.0,1995
Kenya,Arabica,99840000.0,1995
Lao People's Democratic Republic,Robusta,0.0,1995
Liberia,Robusta,300000.0,1995
Mexico,Arabica/Robusta,318000000.0,1995
Nepal,Arabica,0.0,1995
Nicaragua,Arabica,59100000.0,1995
Nigeria,Robusta,3180000.0,1995
Panama,Arabica,12540000.0,1995
Sierra Leone,Robusta,2640000.0,1995
Sri Lanka,Robusta/Arabica,2160000.0,1995
Thailand,Robusta/Arabica,79020000.0,1995
Togo,Robusta,5040000.0,1995
Trinidad & Tobago,Robusta,1080000.0,1995
Uganda,Robusta/Arabica,194640000.0,1995
Venezuela,Arabica,88020000.0,1995
Viet Nam,Robusta/Arabica,238200000.0,1995
Yemen,Arabica,0.0,1995
Angola,Robusta/Arabica,4260000.0,1996
Bolivia (Plurinational State of),Arabica,7500000.0,1996
Brazil,Arabica/Robusta,1751820000.0,1996
Burundi,Arabica/Robusta,24060000.0,1996
Ecuador,Arabica/Robusta,119580000.0,1996
Indonesia,Robusta/Arabica,493260000.0,1996
Madagascar,Robusta,50940000.0,1996
Malawi,Arabica,2940000.0,1996
Papua New Guinea,Arabica/Robusta,65340000.0,1996
Paraguay,Arabica,1860000.0,1996
Peru,Arabica,108360000.0,1996
Rwanda,Arabica,17580000.0,1996
Timor-Leste,Arabica,0.0,1996
Zimbabwe,Arabica,10440000.0,1996
Congo,Robusta,840000.0,1996
Cuba,Arabica,21960000.0,1996
Dominican Republic,Arabica/Robusta,31140000.0,1996
Haiti,Arabica,25680000.0,1996
Philippines,Robusta/Arabica,53400000.0,1996
Tanzania,Arabica/Robusta,45840000.0,1996
Zambia,Arabica,1980000.0,1996
Cameroon,Robusta/Arabica,85920000.0,1996
Central African Republic,Robusta,12480000.0,1996
Colombia,Arabica,646740000.0,1996
Costa Rica,Arabica,133320000.0,1996
Côte d'Ivoire,Robusta,291540000.0,1996
Democratic Republic of Congo,Robusta/Arabica,47700000.0,1996
El Salvador,Arabica,152040000.0,1996
Equatorial Guinea,Robusta,60000.0,1996
Ethiopia,Arabica,204420000.0,1996
Gabon,Robusta,60000.0,1996
Ghana,Robusta,1920000.0,1996
Guatemala,Arabica/Robusta,271500000.0,1996
Guinea,Robusta,8880000.0,1996
Guyana,Robusta,0.0,1996
Honduras,Arabica,120240000.0,1996
India,Robusta/Arabica,205020000.0,1996
Jamaica,Arabica,3240000.0,1996
Kenya,Arabica,74820000.0,1996
Lao People's Democratic Republic,Robusta,0.0,1996
Liberia,Robusta,300000.0,1996
Mexico,Arabica/Robusta,306600000.0,1996
Nepal,Arabica,0.0,1996
Nicaragua,Arabica,47580000.0,1996
Nigeria,Robusta,2760000.0,1996
Panama,Arabica,12660000.0,1996
Sierra Leone,Robusta,2460000.0,1996
Sri Lanka,Robusta/Arabica,2220000.0,1996
Thailand,Robusta/Arabica,84240000.0,1996
Togo,Robusta,17460000.0,1996
Trinidad & Tobago,Robusta,1080000.0,1996
Uganda,Robusta/Arabica,205140000.0,1996
Venezuela,Arabica,72360000.0,1996
Viet Nam,Robusta/Arabica,345120000.0,1996
Yemen,Arabica,0.0,1996
Angola,Robusta/Arabica,3840000.0,1997
Bolivia (Plurinational State of),Arabica,8460000.0,1997
Brazil,Arabica/Robusta,1568880000.0,1997
Burundi,Arabica/Robusta,15000000.0,1997
Ecuador,Arabica/Robusta,71460000.0,1997
Indonesia,Robusta/Arabica,457260000.0,1997
Madagascar,Robusta,37440000.0,1997
Malawi,Arabica,3660000.0,1997
Papua New Guinea,Arabica/Robusta,64440000.0,1997
Paraguay,Arabica,2940000.0,1997
Peru,Arabica,115800000.0,1997
Rwanda,Arabica,11580000.0,1997
Timor-Leste,Arabica,0.0,1997
Zimbabwe,Arabica,7800000.0,1997
Congo,Robusta,180000.0,1997
Cuba,Arabica,18000000.0,1997
Dominican Republic,Arabica/Robusta,56460000.0,1997
Haiti,Arabica,25920000.0,1997
Philippines,Robusta/Arabica,56100000.0,1997
Tanzania,Arabica/Robusta,37440000.0,1997
Zambia,Arabica,2280000.0,1997
Cameroon,Robusta/Arabica,53340000.0,1997
Central African Republic,Robusta,6840000.0,1997
Colombia,Arabica,727320000.0,1997
Costa Rica,Arabica,157020000.0,1997
Côte d'Ivoire,Robusta,249840000.0,1997
Democratic Republic of Congo,Robusta/Arabica,48660000.0,1997
El Salvador,Arabica,130500000.0,1997
Equatorial Guinea,Robusta,120000.0,1997
Ethiopia,Arabica,183420000.0,1997
Gabon,Robusta,180000.0,1997
Ghana,Robusta,1620000.0,1997
Guatemala,Arabica/Robusta,253140000.0,1997
Guinea,Robusta,10320000.0,1997
Guyana,Robusta,0.0,1997
Honduras,Arabica,153840000.0,1997
India,Robusta/Arabica,246540000.0,1997
Jamaica,Arabica,2820000.0,1997
Kenya,Arabica,52920000.0,1997
Lao People's Democratic Republic,Robusta,0.0,1997
Liberia,Robusta,300000.0,1997
Mexico,Arabica/Robusta,288120000.0,1997
Nepal,Arabica,0.0,1997
Nicaragua,Arabica,65040000.0,1997
Nigeria,Robusta,2700000.0,1997
Panama,Arabica,13020000.0,1997
Sierra Leone,Robusta,3000000.0,1997
Sri Lanka,Robusta/Arabica,3480000.0,1997
Thailand,Robusta/Arabica,77580000.0,1997
Togo,Robusta,13260000.0,1997
Trinidad & Tobago,Robusta,1140000.0,1997
Uganda,Robusta/Arabica,206400000.0,1997
Venezuela,Arabica,57060000.0,1997
Viet Nam,Robusta/Arabica,418740000.0,1997
Yemen,Arabica,0.0,1997
Angola,Robusta/Arabica,5100000.0,1998
Bolivia (Plurinational State of),Arabica,8280000.0,1998
Brazil,Arabica/Robusta,2205660000.0,1998
Burundi,Arabica/Robusta,29520000.0,1998
Ecuador,Arabica/Robusta,72360000.0,1998
Indonesia,Robusta/Arabica,437760000.0,1998
Madagascar,Robusta,59520000.0,1998
Malawi,Arabica,3840000.0,1998
Papua New Guinea,Arabica/Robusta,81120000.0,1998
Paraguay,Arabica,1920000.0,1998
Peru,Arabica,126120000.0,1998
Rwanda,Arabica,13380000.0,1998
Timor-Leste,Arabica,0.0,1998
Zimbabwe,Arabica,8940000.0,1998
Congo,Robusta,180000.0,1998
Cuba,Arabica,16800000.0,1998
Dominican Republic,Arabica/Robusta,29220000.0,1998
Haiti,Arabica,26340000.0,1998
Philippines,Robusta/Arabica,40620000.0,1998
Tanzania,Arabica/Robusta,44340000.0,1998
Zambia,Arabica,3720000.0,1998
Cameroon,Robusta/Arabica,66840000.0,1998
Central African Republic,Robusta,12900000.0,1998
Colombia,Arabica,652080000.0,1998
Costa Rica,Arabica,146700000.0,1998
Côte d'Ivoire,Robusta,119520000.0,1998
Democratic Republic of Congo,Robusta/Arabica,44280000.0,1998
El Salvador,Arabica,123300000.0,1998
Equatorial Guinea,Robusta,60000.0,1998
Ethiopia,Arabica,175680000.0,1998
Gabon,Robusta,240000.0,1998
Ghana,Robusta,3240000.0,1998
Guatemala,Arabica/Robusta,293580000.0,1998
Guinea,Robusta,25260000.0,1998
Guyana,Robusta,360000.0,1998
Honduras,Arabica,131700000.0,1998
India,Robusta/Arabica,265020000.0,1998
Jamaica,Arabica,1740000.0,1998
Kenya,Arabica,70380000.0,1998
Lao People's Democratic Republic,Robusta,10260000.0,1998
Liberia,Robusta,1080000.0,1998
Mexico,Arabica/Robusta,288060000.0,1998
Nepal,Arabica,0.0,1998
Nicaragua,Arabica,64380000.0,1998
Nigeria,Robusta,3180000.0,1998
Panama,Arabica,11520000.0,1998
Sierra Leone,Robusta,1620000.0,1998
Sri Lanka,Robusta/Arabica,2760000.0,1998
Thailand,Robusta/Arabica,54960000.0,1998
Togo,Robusta,19260000.0,1998
Trinidad & Tobago,Robusta,1020000.0,1998
Uganda,Robusta/Arabica,203160000.0,1998
Venezuela,Arabica,95820000.0,1998
Viet Nam,Robusta/Arabica,423120000.0,1998
Yemen,Arabica,4140000.0,1998
Angola,Robusta/Arabica,3300000.0,1999
Bolivia (Plurinational State of),Arabica,9480000.0,1999
Brazil,Arabica/Robusta,2854680000.0,1999
Burundi,Arabica/Robusta,21060000.0,1999
Ecuador,Arabica/Robusta,71880000.0,1999
Indonesia,Robusta/Arabica,393420000.0,1999
Madagascar,Robusta,25620000.0,1999
Malawi,Arabica,3540000.0,1999
Papua New Guinea,Arabica/Robusta,83220000.0,1999
Paraguay,Arabica,1140000.0,1999
Peru,Arabica,164640000.0,1999
Rwanda,Arabica,18420000.0,1999
Timor-Leste,Arabica,0.0,1999
Zimbabwe,Arabica,7500000.0,1999
Congo,Robusta,180000.0,1999
Cuba,Arabica,19680000.0,1999
Dominican Republic,Arabica/Robusta,36420000.0,1999
Haiti,Arabica,23940000.0,1999
Philippines,Robusta/Arabica,37320000.0,1999
Tanzania,Arabica/Robusta,50520000.0,1999
Zambia,Arabica,3540000.0,1999
Cameroon,Robusta/Arabica,82200000.0,1999
Central African Republic,Robusta,14460000.0,1999
Colombia,Arabica,570720000.0,1999
Costa Rica,Arabica,149100000.0,1999
Côte d'Ivoire,Robusta,379200000.0,1999
Democratic Republic of Congo,Robusta/Arabica,28620000.0,1999
El Salvador,Arabica,155880000.0,1999
Equatorial Guinea,Robusta,0.0,1999
Ethiopia,Arabica,227040000.0,1999
Gabon,Robusta,120000.0,1999
Ghana,Robusta,5340000.0,1999
Guatemala,Arabica/Robusta,307200000.0,1999
Guinea,Robusta,21840000.0,1999
Guyana,Robusta,300000.0,1999
Honduras,Arabica,179100000.0,1999
India,Robusta/Arabica,292020000.0,1999
Jamaica,Arabica,2280000.0,1999
Kenya,Arabica,90120000.0,1999
Lao People's Democratic Republic,Robusta,14340000.0,1999
Liberia,Robusta,720000.0,1999
Mexico,Arabica/Robusta,373140000.0,1999
Nepal,Arabica,0.0,1999
Nicaragua,Arabica,93240000.0,1999
Nigeria,Robusta,2700000.0,1999
Panama,Arabica,9960000.0,1999
Sierra Leone,Robusta,3540000.0,1999
Sri Lanka,Robusta/Arabica,1920000.0,1999
Thailand,Robusta/Arabica,76380000.0,1999
Togo,Robusta,15780000.0,1999
Trinidad & Tobago,Robusta,1020000.0,1999
Uganda,Robusta/Arabica,171720000.0,1999
Venezuela,Arabica,82020000.0,1999
Viet Nam,Robusta/Arabica,697860000.0,1999
Yemen,Arabica,3660000.0,1999
Angola,Robusta/Arabica,3000000.0,2000
Bolivia (Plurinational State of),Arabica,8880000.0,2000
Brazil,Arabica/Robusta,1878600000.0,2000
Burundi,Arabica/Robusta,29220000.0,2000
Ecuador,Arabica/Robusta,51240000.0,2000
Indonesia,Robusta/Arabica,419220000.0,2000
Madagascar,Robusta,21720000.0,2000
Malawi,Arabica,3780000.0,2000
Papua New Guinea,Arabica/Robusta,62460000.0,2000
Paraguay,Arabica,1320000.0,2000
Peru,Arabica,160560000.0,2000
Rwanda,Arabica,16380000.0,2000
Timor-Leste,Arabica,420000.0,2000
Zimbabwe,Arabica,6540000.0,2000
Congo,Robusta,180000.0,2000
Cuba,Arabica,18720000.0,2000
Dominican Republic,Arabica/Robusta,28020000.0,2000
Haiti,Arabica,25200000.0,2000
Philippines,Robusta/Arabica,20460000.0,2000
Tanzania,Arabica/Robusta,48540000.0,2000
Zambia,Arabica,5580000.0,2000
Cameroon,Robusta/Arabica,66780000.0,2000
Central African Republic,Robusta,6780000.0,2000
Colombia,Arabica,631140000.0,2000
Costa Rica,Arabica,145140000.0,2000
Côte d'Ivoire,Robusta,290760000.0,2000
Democratic Republic of Congo,Robusta/Arabica,21780000.0,2000
El Salvador,Arabica,102240000.0,2000
Equatorial Guinea,Robusta,0.0,2000
Ethiopia,Arabica,186900000.0,2000
Gabon,Robusta,0.0,2000
Ghana,Robusta,4560000.0,2000
Guatemala,Arabica/Robusta,296400000.0,2000
Guinea,Robusta,24000000.0,2000
Guyana,Robusta,180000.0,2000
Honduras,Arabica,160020000.0,2000
India,Robusta/Arabica,301200000.0,2000
Jamaica,Arabica,2220000.0,2000
Kenya,Arabica,60120000.0,2000
Lao People's Democratic Republic,Robusta,12720000.0,2000
Liberia,Robusta,720000.0,2000
Mexico,Arabica/Robusta,288900000.0,2000
Nepal,Arabica,0.0,2000
Nicaragua,Arabica,94320000.0,2000
Nigeria,Robusta,2940000.0,2000
Panama,Arabica,10200000.0,2000
Sierra Leone,Robusta,2940000.0,2000
Sri Lanka,Robusta/Arabica,1980000.0,2000
Thailand,Robusta/Arabica,101520000.0,2000
Togo,Robusta,11820000.0,2000
Trinidad & Tobago,Robusta,960000.0,2000
Uganda,Robusta/Arabica,204060000.0,2000
Venezuela,Arabica,87000000.0,2000
Viet Nam,Robusta/Arabica,890460000.0,2000
Yemen,Arabica,3840000.0,2000
Angola,Robusta/Arabica,1260000.0,2001
Bolivia (Plurinational State of),Arabica,5640000.0,2001
Brazil,Arabica/Robusta,1881900000.0,2001
Burundi,Arabica/Robusta,8640000.0,2001
Ecuador,Arabica/Robusta,47580000.0,2001
Indonesia,Robusta/Arabica,409980000.0,2001
Madagascar,Robusta,8820000.0,2001
Malawi,Arabica,3600000.0,2001
Papua New Guinea,Arabica/Robusta,63780000.0,2001
Paraguay,Arabica,1320000.0,2001
Peru,Arabica,169740000.0,2001
Rwanda,Arabica,17760000.0,2001
Timor-Leste,Arabica,1980000.0,2001
Zimbabwe,Arabica,7260000.0,2001
Congo,Robusta,180000.0,2001
Cuba,Arabica,17100000.0,2001
Dominican Republic,Arabica/Robusta,23220000.0,2001
Haiti,Arabica,24180000.0,2001
Philippines,Robusta/Arabica,15780000.0,2001
Tanzania,Arabica/Robusta,37440000.0,2001
Zambia,Arabica,6000000.0,2001
Cameroon,Robusta/Arabica,41160000.0,2001
Central African Republic,Robusta,4080000.0,2001
Colombia,Arabica,717000000.0,2001
Costa Rica,Arabica,134820000.0,2001
Côte d'Ivoire,Robusta,215760000.0,2001
Democratic Republic of Congo,Robusta/Arabica,25380000.0,2001
El Salvador,Arabica,101640000.0,2001
Equatorial Guinea,Robusta,0.0,2001
Ethiopia,Arabica,242640000.0,2001
Gabon,Robusta,60000.0,2001
Ghana,Robusta,420000.0,2001
Guatemala,Arabica/Robusta,220140000.0,2001
Guinea,Robusta,14160000.0,2001
Guyana,Robusta,300000.0,2001
Honduras,Arabica,182160000.0,2001
India,Robusta/Arabica,288600000.0,2001
Jamaica,Arabica,1860000.0,2001
Kenya,Arabica,59460000.0,2001
Lao People's Democratic Republic,Robusta,15480000.0,2001
Liberia,Robusta,720000.0,2001
Mexico,Arabica/Robusta,266280000.0,2001
Nepal,Arabica,0.0,2001
Nicaragua,Arabica,64740000.0,2001
Nigeria,Robusta,2640000.0,2001
Panama,Arabica,9600000.0,2001
Sierra Leone,Robusta,4740000.0,2001
Sri Lanka,Robusta/Arabica,1920000.0,2001
Thailand,Robusta/Arabica,42840000.0,2001
Togo,Robusta,6720000.0,2001
Trinidad & Tobago,Robusta,960000.0,2001
Uganda,Robusta/Arabica,189480000.0,2001
Venezuela,Arabica,75900000.0,2001
Viet Nam,Robusta/Arabica,785580000.0,2001
Yemen,Arabica,3720000.0,2001
Angola,Robusta/Arabica,3420000.0,2002
Bolivia (Plurinational State of),Arabica,7620000.0,2002
Brazil,Arabica/Robusta,2901120000.0,2002
Burundi,Arabica/Robusta,27240000.0,2002
Ecuador,Arabica/Robusta,34920000.0,2002
Indonesia,Robusta/Arabica,403860000.0,2002
Madagascar,Robusta,26700000.0,2002
Malawi,Arabica,2520000.0,2002
Papua New Guinea,Arabica/Robusta,65100000.0,2002
Paraguay,Arabica,2160000.0,2002
Peru,Arabica,180000000.0,2002
Rwanda,Arabica,19200000.0,2002
Timor-Leste,Arabica,2220000.0,2002
Zimbabwe,Arabica,6600000.0,2002
Congo,Robusta,180000.0,2002
Cuba,Arabica,14340000.0,2002
Dominican Republic,Arabica/Robusta,27300000.0,2002
Haiti,Arabica,22440000.0,2002
Philippines,Robusta/Arabica,15300000.0,2002
Tanzania,Arabica/Robusta,49440000.0,2002
Zambia,Arabica,7140000.0,2002
Cameroon,Robusta/Arabica,48060000.0,2002
Central African Republic,Robusta,5520000.0,2002
Colombia,Arabica,702720000.0,2002
Costa Rica,Arabica,122580000.0,2002
Côte d'Ivoire,Robusta,180600000.0,2002
Democratic Republic of Congo,Robusta/Arabica,20280000.0,2002
El Salvador,Arabica,81660000.0,2002
Equatorial Guinea,Robusta,0.0,2002
Ethiopia,Arabica,245640000.0,2002
Gabon,Robusta,60000.0,2002
Ghana,Robusta,2040000.0,2002
Guatemala,Arabica/Robusta,244200000.0,2002
Guinea,Robusta,19680000.0,2002
Guyana,Robusta,300000.0,2002
Honduras,Arabica,149760000.0,2002
India,Robusta/Arabica,275280000.0,2002
Jamaica,Arabica,2220000.0,2002
Kenya,Arabica,56700000.0,2002
Lao People's Democratic Republic,Robusta,24120000.0,2002
Liberia,Robusta,720000.0,2002
Mexico,Arabica/Robusta,261060000.0,2002
Nepal,Arabica,0.0,2002
Nicaragua,Arabica,70200000.0,2002
Nigeria,Robusta,3000000.0,2002
Panama,Arabica,8400000.0,2002
Sierra Leone,Robusta,2520000.0,2002
Sri Lanka,Robusta/Arabica,2040000.0,2002
Thailand,Robusta/Arabica,43920000.0,2002
Togo,Robusta,4080000.0,2002
Trinidad & Tobago,Robusta,1020000.0,2002
Uganda,Robusta/Arabica,173400000.0,2002
Venezuela,Arabica,89040000.0,2002
Viet Nam,Robusta/Arabica,694440000.0,2002
Yemen,Arabica,3420000.0,2002
Angola,Robusta/Arabica,2280000.0,2003
Bolivia (Plurinational State of),Arabica,6180000.0,2003
Brazil,Arabica/Robusta,1732380000.0,2003
Burundi,Arabica/Robusta,20280000.0,2003
Ecuador,Arabica/Robusta,38460000.0,2003
Indonesia,Robusta/Arabica,384240000.0,2003
Madagascar,Robusta,26100000.0,2003
Malawi,Arabica,2880000.0,2003
Papua New Guinea,Arabica/Robusta,69300000.0,2003
Paraguay,Arabica,2820000.0,2003
Peru,Arabica,161160000.0,2003
Rwanda,Arabica,15960000.0,2003
Timor-Leste,Arabica,2520000.0,2003
Zimbabwe,Arabica,5520000.0,2003
Congo,Robusta,180000.0,2003
Cuba,Arabica,13440000.0,2003
Dominican Republic,Arabica/Robusta,21060000.0,2003
Haiti,Arabica,22440000.0,2003
Philippines,Robusta/Arabica,17580000.0,2003
Tanzania,Arabica/Robusta,36720000.0,2003
Zambia,Arabica,6000000.0,2003
Cameroon,Robusta/Arabica,54000000.0,2003
Central African Republic,Robusta,2580000.0,2003
Colombia,Arabica,663180000.0,2003
Costa Rica,Arabica,113160000.0,2003
Côte d'Ivoire,Robusta,178860000.0,2003
Democratic Republic of Congo,Robusta/Arabica,27060000.0,2003
El Salvador,Arabica,82800000.0,2003
Equatorial Guinea,Robusta,0.0,2003
Ethiopia,Arabica,263640000.0,2003
Gabon,Robusta,0.0,2003
Ghana,Robusta,1080000.0,2003
Guatemala,Arabica/Robusta,216600000.0,2003
Guinea,Robusta,21960000.0,2003
Guyana,Robusta,300000.0,2003
Honduras,Arabica,178080000.0,2003
India,Robusta/Arabica,282480000.0,2003
Jamaica,Arabica,2220000.0,2003
Kenya,Arabica,40380000.0,2003
Lao People's Democratic Republic,Robusta,21660000.0,2003
Liberia,Robusta,300000.0,2003
Mexico,Arabica/Robusta,252060000.0,2003
Nepal,Arabica,60000.0,2003
Nicaragua,Arabica,90540000.0,2003
Nigeria,Robusta,2760000.0,2003
Panama,Arabica,10320000.0,2003
Sierra Leone,Robusta,2160000.0,2003
Sri Lanka,Robusta/Arabica,2220000.0,2003
Thailand,Robusta/Arabica,49620000.0,2003
Togo,Robusta,8640000.0,2003
Trinidad & Tobago,Robusta,960000.0,2003
Uganda,Robusta/Arabica,155940000.0,2003
Venezuela,Arabica,85260000.0,2003
Viet Nam,Robusta/Arabica,920220000.0,2003
Yemen,Arabica,11580000.0,2003
Angola,Robusta/Arabica,900000.0,2004
Bolivia (Plurinational State of),Arabica,9300000.0,2004
Brazil,Arabica/Robusta,2356860000.0,2004
Burundi,Arabica/Robusta,26220000.0,2004
Ecuador,Arabica/Robusta,46800000.0,2004
Indonesia,Robusta/Arabica,452160000.0,2004
Madagascar,Robusta,31320000.0,2004
Malawi,Arabica,1260000.0,2004
Papua New Guinea,Arabica/Robusta,59880000.0,2004
Paraguay,Arabica,2280000.0,2004
Peru,Arabica,205500000.0,2004
Rwanda,Arabica,27000000.0,2004
Timor-Leste,Arabica,1020000.0,2004
Zimbabwe,Arabica,7200000.0,2004
Congo,Robusta,180000.0,2004
Cuba,Arabica,10800000.0,2004
Dominican Republic,Arabica/Robusta,29460000.0,2004
Haiti,Arabica,21900000.0,2004
Philippines,Robusta/Arabica,21300000.0,2004
Tanzania,Arabica/Robusta,45780000.0,2004
Zambia,Arabica,6600000.0,2004
Cameroon,Robusta/Arabica,43620000.0,2004
Central African Republic,Robusta,1740000.0,2004
Colombia,Arabica,685740000.0,2004
Costa Rica,Arabica,112560000.0,2004
Côte d'Ivoire,Robusta,128160000.0,2004
Democratic Republic of Congo,Robusta/Arabica,21600000.0,2004
El Salvador,Arabica,71820000.0,2004
Equatorial Guinea,Robusta,0.0,2004
Ethiopia,Arabica,312780000.0,2004
Gabon,Robusta,0.0,2004
Ghana,Robusta,1080000.0,2004
Guatemala,Arabica/Robusta,222180000.0,2004
Guinea,Robusta,18960000.0,2004
Guyana,Robusta,360000.0,2004
Honduras,Arabica,154500000.0,2004
India,Robusta/Arabica,275460000.0,2004
Jamaica,Arabica,1260000.0,2004
Kenya,Arabica,44160000.0,2004
Lao People's Democratic Republic,Robusta,22740000.0,2004
Liberia,Robusta,360000.0,2004
Mexico,Arabica/Robusta,232020000.0,2004
Nepal,Arabica,60000.0,2004
Nicaragua,Arabica,64080000.0,2004
Nigeria,Robusta,2700000.0,2004
Panama,Arabica,5400000.0,2004
Sierra Leone,Robusta,900000.0,2004
Sri Lanka,Robusta/Arabica,1920000.0,2004
Thailand,Robusta/Arabica,53040000.0,2004
Togo,Robusta,9960000.0,2004
Trinidad & Tobago,Robusta,900000.0,2004
Uganda,Robusta/Arabica,156780000.0,2004
Venezuela,Arabica,79620000.0,2004
Viet Nam,Robusta/Arabica,862200000.0,2004
Yemen,Arabica,12360000.0,2004
Angola,Robusta/Arabica,1500000.0,2005
Bolivia (Plurinational State of),Arabica,6600000.0,2005
Brazil,Arabica/Robusta,1975980000.0,2005
Burundi,Arabica/Robusta,6180000.0,2005
Ecuador,Arabica/Robusta,56100000.0,2005
Indonesia,Robusta/Arabica,549540000.0,2005
Madagascar,Robusta,35940000.0,2005
Malawi,Arabica,1440000.0,2005
Papua New Guinea,Arabica/Robusta,76080000.0,2005
Paraguay,Arabica,2640000.0,2005
Peru,Arabica,149340000.0,2005
Rwanda,Arabica,20220000.0,2005
Timor-Leste,Arabica,1440000.0,2005
Zimbabwe,Arabica,3960000.0,2005
Congo,Robusta,180000.0,2005
Cuba,Arabica,6000000.0,2005
Dominican Republic,Arabica/Robusta,18600000.0,2005
Haiti,Arabica,21360000.0,2005
Philippines,Robusta/Arabica,25920000.0,2005
Tanzania,Arabica/Robusta,48240000.0,2005
Zambia,Arabica,6180000.0,2005
Cameroon,Robusta/Arabica,52200000.0,2005
Central African Republic,Robusta,1380000.0,2005
Colombia,Arabica,717120000.0,2005
Costa Rica,Arabica,99180000.0,2005
Côte d'Ivoire,Robusta,125940000.0,2005
Democratic Republic of Congo,Robusta/Arabica,20160000.0,2005
El Salvador,Arabica,79140000.0,2005
Equatorial Guinea,Robusta,0.0,2005
Ethiopia,Arabica,286740000.0,2005
Gabon,Robusta,60000.0,2005
Ghana,Robusta,720000.0,2005
Guatemala,Arabica/Robusta,220560000.0,2005
Guinea,Robusta,31500000.0,2005
Guyana,Robusta,420000.0,2005
Honduras,Arabica,192240000.0,2005
India,Robusta/Arabica,273960000.0,2005
Jamaica,Arabica,2040000.0,2005
Kenya,Arabica,39600000.0,2005
Lao People's Democratic Republic,Robusta,16800000.0,2005
Liberia,Robusta,300000.0,2005
Mexico,Arabica/Robusta,253500000.0,2005
Nepal,Arabica,60000.0,2005
Nicaragua,Arabica,85920000.0,2005
Nigeria,Robusta,4140000.0,2005
Panama,Arabica,10560000.0,2005
Sierra Leone,Robusta,3600000.0,2005
Sri Lanka,Robusta/Arabica,2100000.0,2005
Thailand,Robusta/Arabica,63840000.0,2005
Togo,Robusta,8400000.0,2005
Trinidad & Tobago,Robusta,900000.0,2005
Uganda,Robusta/Arabica,130500000.0,2005
Venezuela,Arabica,90360000.0,2005
Viet Nam,Robusta/Arabica,830520000.0,2005
Yemen,Arabica,12180000.0,2005
Angola,Robusta/Arabica,2100000.0,2006
Bolivia (Plurinational State of),Arabica,8760000.0,2006
Brazil,Arabica/Robusta,2905920000.0,2006
Burundi,Arabica/Robusta,29880000.0,2006
Ecuador,Arabica/Robusta,62100000.0,2006
Indonesia,Robusta/Arabica,448980000.0,2006
Madagascar,Robusta,35220000.0,2006
Malawi,Arabica,1020000.0,2006
Papua New Guinea,Arabica/Robusta,48420000.0,2006
Paraguay,Arabica,2100000.0,2006
Peru,Arabica,259140000.0,2006
Rwanda,Arabica,21060000.0,2006
Timor-Leste,Arabica,2760000.0,2006
Zimbabwe,Arabica,2700000.0,2006
Congo,Robusta,180000.0,2006
Cuba,Arabica,6300000.0,2006
Dominican Republic,Arabica/Robusta,23220000.0,2006
Haiti,Arabica,21720000.0,2006
Philippines,Robusta/Arabica,26460000.0,2006
Tanzania,Arabica/Robusta,49320000.0,2006
Zambia,Arabica,3360000.0,2006
Cameroon,Robusta/Arabica,49080000.0,2006
Central African Republic,Robusta,6840000.0,2006
Colombia,Arabica,729840000.0,2006
Costa Rica,Arabica,102360000.0,2006
Côte d'Ivoire,Robusta,170880000.0,2006
Democratic Republic of Congo,Robusta/Arabica,22680000.0,2006
El Salvador,Arabica,74040000.0,2006
Equatorial Guinea,Robusta,0.0,2006
Ethiopia,Arabica,333060000.0,2006
Gabon,Robusta,60000.0,2006
Ghana,Robusta,1200000.0,2006
Guatemala,Arabica/Robusta,237000000.0,2006
Guinea,Robusta,28380000.0,2006
Guyana,Robusta,480000.0,2006
Honduras,Arabica,207660000.0,2006
India,Robusta/Arabica,270000000.0,2006
Jamaica,Arabica,2400000.0,2006
Kenya,Arabica,49560000.0,2006
Lao People's Democratic Republic,Robusta,23460000.0,2006
Liberia,Robusta,420000.0,2006
Mexico,Arabica/Robusta,252000000.0,2006
Nepal,Arabica,120000.0,2006
Nicaragua,Arabica,85680000.0,2006
Nigeria,Robusta,3060000.0,2006
Panama,Arabica,10380000.0,2006
Sierra Leone,Robusta,1860000.0,2006
Sri Lanka,Robusta/Arabica,1980000.0,2006
Thailand,Robusta/Arabica,49320000.0,2006
Togo,Robusta,8040000.0,2006
Trinidad & Tobago,Robusta,720000.0,2006
Uganda,Robusta/Arabica,173640000.0,2006
Venezuela,Arabica,94260000.0,2006
Viet Nam,Robusta/Arabica,1160400000.0,2006
Yemen,Arabica,12420000.0,2006
Angola,Robusta/Arabica,2160000.0,2007
Bolivia (Plurinational State of),Arabica,6960000.0,2007
Brazil,Arabica/Robusta,2334660000.0,2007
Burundi,Arabica/Robusta,7980000.0,2007
Ecuador,Arabica/Robusta,57000000.0,2007
Indonesia,Robusta/Arabica,466620000.0,2007
Madagascar,Robusta,36840000.0,2007
Malawi,Arabica,1140000.0,2007
Papua New Guinea,Arabica/Robusta,58080000.0,2007
Paraguay,Arabica,2340000.0,2007
Peru,Arabica,183780000.0,2007
Rwanda,Arabica,13440000.0,2007
Timor-Leste,Arabica,2160000.0,2007
Zimbabwe,Arabica,1860000.0,2007
Congo,Robusta,180000.0,2007
Cuba,Arabica,6600000.0,2007
Dominican Republic,Arabica/Robusta,27900000.0,2007
Haiti,Arabica,21540000.0,2007
Philippines,Robusta/Arabica,26760000.0,2007
Tanzania,Arabica/Robusta,48600000.0,2007
Zambia,Arabica,3660000.0,2007
Cameroon,Robusta/Arabica,47700000.0,2007
Central African Republic,Robusta,2580000.0,2007
Colombia,Arabica,750900000.0,2007
Costa Rica,Arabica,107820000.0,2007
Côte d'Ivoire,Robusta,80280000.0,2007
Democratic Republic of Congo,Robusta/Arabica,24960000.0,2007
El Salvador,Arabica,90300000.0,2007
Equatorial Guinea,Robusta,0.0,2007
Ethiopia,Arabica,358020000.0,2007
Gabon,Robusta,60000.0,2007
Ghana,Robusta,2100000.0,2007
Guatemala,Arabica/Robusta,246000000.0,2007
Guinea,Robusta,19380000.0,2007
Guyana,Robusta,540000.0,2007
Honduras,Arabica,218400000.0,2007
India,Robusta/Arabica,262020000.0,2007
Jamaica,Arabica,1200000.0,2007
Kenya,Arabica,39120000.0,2007
Lao People's Democratic Republic,Robusta,23580000.0,2007
Liberia,Robusta,420000.0,2007
Mexico,Arabica/Robusta,249000000.0,2007
Nepal,Arabica,60000.0,2007
Nicaragua,Arabica,114360000.0,2007
Nigeria,Robusta,2520000.0,2007
Panama,Arabica,10560000.0,2007
Sierra Leone,Robusta,2400000.0,2007
Sri Lanka,Robusta/Arabica,1980000.0,2007
Thailand,Robusta/Arabica,39000000.0,2007
Togo,Robusta,7500000.0,2007
Trinidad & Tobago,Robusta,720000.0,2007
Uganda,Robusta/Arabica,209400000.0,2007
Venezuela,Arabica,91200000.0,2007
Viet Nam,Robusta/Arabica,984300000.0,2007
Yemen,Arabica,11880000.0,2007
Angola,Robusta/Arabica,2280000.0,2008
Bolivia (Plurinational State of),Arabica,7200000.0,2008
Brazil,Arabica/Robusta,3089460000.0,2008
Burundi,Arabica/Robusta,24720000.0,2008
Ecuador,Arabica/Robusta,46260000.0,2008
Indonesia,Robusta/Arabica,576720000.0,2008
Madagascar,Robusta,43680000.0,2008
Malawi,Arabica,1260000.0,2008
Papua New Guinea,Arabica/Robusta,61680000.0,2008
Paraguay,Arabica,1200000.0,2008
Peru,Arabica,232320000.0,2008
Rwanda,Arabica,22140000.0,2008
Timor-Leste,Arabica,2880000.0,2008
Zimbabwe,Arabica,1440000.0,2008
Congo,Robusta,180000.0,2008
Cuba,Arabica,7980000.0,2008
Dominican Republic,Arabica/Robusta,38700000.0,2008
Haiti,Arabica,21540000.0,2008
Philippines,Robusta/Arabica,35220000.0,2008
Tanzania,Arabica/Robusta,71160000.0,2008
Zambia,Arabica,2100000.0,2008
Cameroon,Robusta/Arabica,43500000.0,2008
Central African Republic,Robusta,3600000.0,2008
Colombia,Arabica,519840000.0,2008
Costa Rica,Arabica,90000000.0,2008
Côte d'Ivoire,Robusta,151560000.0,2008
Democratic Republic of Congo,Robusta/Arabica,25320000.0,2008
El Salvador,Arabica,87000000.0,2008
Equatorial Guinea,Robusta,0.0,2008
Ethiopia,Arabica,296940000.0,2008
Gabon,Robusta,120000.0,2008
Ghana,Robusta,1560000.0,2008
Guatemala,Arabica/Robusta,227100000.0,2008
Guinea,Robusta,30300000.0,2008
Guyana,Robusta,600000.0,2008
Honduras,Arabica,207000000.0,2008
India,Robusta/Arabica,244320000.0,2008
Jamaica,Arabica,1920000.0,2008
Kenya,Arabica,32460000.0,2008
Lao People's Democratic Republic,Robusta,24360000.0,2008
Liberia,Robusta,720000.0,2008
Mexico,Arabica/Robusta,279060000.0,2008
Nepal,Arabica,60000.0,2008
Nicaragua,Arabica,86700000.0,2008
Nigeria,Robusta,3000000.0,2008
Panama,Arabica,8940000.0,2008
Sierra Leone,Robusta,5160000.0,2008
Sri Lanka,Robusta/Arabica,1860000.0,2008
Thailand,Robusta/Arabica,40500000.0,2008
Togo,Robusta,8280000.0,2008
Trinidad & Tobago,Robusta,660000.0,2008
Uganda,Robusta/Arabica,200100000.0,2008
Venezuela,Arabica,55920000.0,2008
Viet Nam,Robusta/Arabica,1106280000.0,2008
Yemen,Arabica,13200000.0,2008
Angola,Robusta/Arabica,780000.0,2009
Bolivia (Plurinational State of),Arabica,7680000.0,2009
Brazil,Arabica/Robusta,2638620000.0,2009
Burundi,Arabica/Robusta,6720000.0,2009
Ecuador,Arabica/Robusta,48780000.0,2009
Indonesia,Robusta/Arabica,682800000.0,2009
Madagascar,Robusta,27420000.0,2009
Malawi,Arabica,1020000.0,2009
Papua New Guinea,Arabica/Robusta,62280000.0,2009
Paraguay,Arabica,1200000.0,2009
Peru,Arabica,197160000.0,2009
Rwanda,Arabica,15540000.0,2009
Timor-Leste,Arabica,2820000.0,2009
Zimbabwe,Arabica,1260000.0,2009
Congo,Robusta,180000.0,2009
Cuba,Arabica,5520000.0,2009
Dominican Republic,Arabica/Robusta,21120000.0,2009
Haiti,Arabica,21060000.0,2009
Philippines,Robusta/Arabica,43800000.0,2009
Tanzania,Arabica/Robusta,40500000.0,2009
Zambia,Arabica,1680000.0,2009
Cameroon,Robusta/Arabica,54120000.0,2009
Central African Republic,Robusta,6720000.0,2009
Colombia,Arabica,485880000.0,2009
Costa Rica,Arabica,88620000.0,2009
Côte d'Ivoire,Robusta,119340000.0,2009
Democratic Republic of Congo,Robusta/Arabica,20760000.0,2009
El Salvador,Arabica,64500000.0,2009
Equatorial Guinea,Robusta,0.0,2009
Ethiopia,Arabica,409800000.0,2009
Gabon,Robusta,0.0,2009
Ghana,Robusta,1140000.0,2009
Guatemala,Arabica/Robusta,230100000.0,2009
Guinea,Robusta,29940000.0,2009
Guyana,Robusta,540000.0,2009
Honduras,Arabica,216180000.0,2009
India,Robusta/Arabica,289620000.0,2009
Jamaica,Arabica,1500000.0,2009
Kenya,Arabica,37800000.0,2009
Lao People's Democratic Republic,Robusta,26040000.0,2009
Liberia,Robusta,780000.0,2009
Mexico,Arabica/Robusta,246540000.0,2009
Nepal,Arabica,60000.0,2009
Nicaragua,Arabica,112260000.0,2009
Nigeria,Robusta,2040000.0,2009
Panama,Arabica,8280000.0,2009
Sierra Leone,Robusta,5460000.0,2009
Sri Lanka,Robusta/Arabica,1920000.0,2009
Thailand,Robusta/Arabica,47700000.0,2009
Togo,Robusta,12120000.0,2009
Trinidad & Tobago,Robusta,660000.0,2009
Uganda,Robusta/Arabica,173640000.0,2009
Venezuela,Arabica,72840000.0,2009
Viet Nam,Robusta/Arabica,1069500000.0,2009
Yemen,Arabica,8100000.0,2009
Angola,Robusta/Arabica,2100000.0,2010
Bolivia (Plurinational State of),Arabica,7020000.0,2010
Brazil,Arabica/Robusta,3325680000.0,2010
Burundi,Arabica/Robusta,21180000.0,2010
Ecuador,Arabica/Robusta,51240000.0,2010
Indonesia,Robusta/Arabica,547740000.0,2010
Madagascar,Robusta,31800000.0,2010
Malawi,Arabica,1020000.0,2010
Papua New Guinea,Arabica/Robusta,52020000.0,2010
Paraguay,Arabica,1200000.0,2010
Peru,Arabica,244140000.0,2010
Rwanda,Arabica,19380000.0,2010
Timor-Leste,Arabica,3600000.0,2010
Zimbabwe,Arabica,600000.0,2010
Congo,Robusta,180000.0,2010
Cuba,Arabica,6480000.0,2010
Dominican Republic,Arabica/Robusta,22680000.0,2010
Haiti,Arabica,21000000.0,2010
Philippines,Robusta/Arabica,11340000.0,2010
Tanzania,Arabica/Robusta,50760000.0,2010
Zambia,Arabica,780000.0,2010
Cameroon,Robusta/Arabica,31620000.0,2010
Central African Republic,Robusta,4680000.0,2010
Colombia,Arabica,511380000.0,2010
Costa Rica,Arabica,96840000.0,2010
Côte d'Ivoire,Robusta,50220000.0,2010
Democratic Republic of Congo,Robusta/Arabica,18300000.0,2010
El Salvador,Arabica,112380000.0,2010
Equatorial Guinea,Robusta,0.0,2010
Ethiopia,Arabica,333600000.0,2010
Gabon,Robusta,120000.0,2010
Ghana,Robusta,4140000.0,2010
Guatemala,Arabica/Robusta,237000000.0,2010
Guinea,Robusta,23160000.0,2010
Guyana,Robusta,540000.0,2010
Honduras,Arabica,259860000.0,2010
India,Robusta/Arabica,336000000.0,2010
Jamaica,Arabica,1260000.0,2010
Kenya,Arabica,38460000.0,2010
Lao People's Democratic Republic,Robusta,32640000.0,2010
Liberia,Robusta,600000.0,2010
Mexico,Arabica/Robusta,240060000.0,2010
Nepal,Arabica,180000.0,2010
Nicaragua,Arabica,98280000.0,2010
Nigeria,Robusta,2520000.0,2010
Panama,Arabica,6840000.0,2010
Sierra Leone,Robusta,1980000.0,2010
Sri Lanka,Robusta/Arabica,2220000.0,2010
Thailand,Robusta/Arabica,49680000.0,2010
Togo,Robusta,9600000.0,2010
Trinidad & Tobago,Robusta,600000.0,2010
Uganda,Robusta/Arabica,196020000.0,2010
Venezuela,Arabica,72120000.0,2010
Viet Nam,Robusta/Arabica,1200000000.0,2010
Yemen,Arabica,9660000.0,2010
Angola,Robusta/Arabica,1740000.0,2011
Bolivia (Plurinational State of),Arabica,7920000.0,2011
Brazil,Arabica/Robusta,2915520000.0,2011
Burundi,Arabica/Robusta,12240000.0,2011
Ecuador,Arabica/Robusta,49500000.0,2011
Indonesia,Robusta/Arabica,413340000.0,2011
Madagascar,Robusta,35100000.0,2011
Malawi,Arabica,1560000.0,2011
Papua New Guinea,Arabica/Robusta,84840000.0,2011
Paraguay,Arabica,1200000.0,2011
Peru,Arabica,322380000.0,2011
Rwanda,Arabica,15060000.0,2011
Timor-Leste,Arabica,2820000.0,2011
Zimbabwe,Arabica,540000.0,2011
Congo,Robusta,180000.0,2011
Cuba,Arabica,6000000.0,2011
Dominican Republic,Arabica/Robusta,29460000.0,2011
Haiti,Arabica,20940000.0,2011
Philippines,Robusta/Arabica,10800000.0,2011
Tanzania,Arabica/Robusta,38460000.0,2011
Zambia,Arabica,660000.0,2011
Cameroon,Robusta/Arabica,40140000.0,2011
Central African Republic,Robusta,5460000.0,2011
Colombia,Arabica,459180000.0,2011
Costa Rica,Arabica,109860000.0,2011
Côte d'Ivoire,Robusta,132960000.0,2011
Democratic Republic of Congo,Robusta/Arabica,21420000.0,2011
El Salvador,Arabica,69840000.0,2011
Equatorial Guinea,Robusta,0.0,2011
Ethiopia,Arabica,339000000.0,2011
Gabon,Robusta,60000.0,2011
Ghana,Robusta,1800000.0,2011
Guatemala,Arabica/Robusta,231000000.0,2011
Guinea,Robusta,23160000.0,2011
Guyana,Robusta,600000.0,2011
Honduras,Arabica,352920000.0,2011
India,Robusta/Arabica,320040000.0,2011
Jamaica,Arabica,1440000.0,2011
Kenya,Arabica,45420000.0,2011
Lao People's Democratic Republic,Robusta,30840000.0,2011
Liberia,Robusta,600000.0,2011
Mexico,Arabica/Robusta,273660000.0,2011
Nepal,Arabica,120000.0,2011
Nicaragua,Arabica,131580000.0,2011
Nigeria,Robusta,2820000.0,2011
Panama,Arabica,6360000.0,2011
Sierra Leone,Robusta,4680000.0,2011
Sri Lanka,Robusta/Arabica,2160000.0,2011
Thailand,Robusta/Arabica,49860000.0,2011
Togo,Robusta,9600000.0,2011
Trinidad & Tobago,Robusta,660000.0,2011
Uganda,Robusta/Arabica,186900000.0,2011
Venezuela,Arabica,54120000.0,2011
Viet Nam,Robusta/Arabica,1590000000.0,2011
Yemen,Arabica,11100000.0,2011
Angola,Robusta/Arabica,1980000.0,2012
Bolivia (Plurinational State of),Arabica,6300000.0,2012
Brazil,Arabica/Robusta,3325080000.0,2012
Burundi,Arabica/Robusta,24360000.0,2012
Ecuador,Arabica/Robusta,49680000.0,2012
Indonesia,Robusta/Arabica,784200000.0,2012
Madagascar,Robusta,30000000.0,2012
Malawi,Arabica,1380000.0,2012
Papua New Guinea,Arabica/Robusta,42960000.0,2012
Paraguay,Arabica,1200000.0,2012
Peru,Arabica,267000000.0,2012
Rwanda,Arabica,15540000.0,2012
Timor-Leste,Arabica,3660000.0,2012
Zimbabwe,Arabica,420000.0,2012
Congo,Robusta,180000.0,2012
Cuba,Arabica,5280000.0,2012
Dominican Republic,Arabica/Robusta,29280000.0,2012
Haiti,Arabica,21000000.0,2012
Philippines,Robusta/Arabica,10620000.0,2012
Tanzania,Arabica/Robusta,69060000.0,2012
Zambia,Arabica,300000.0,2012
Cameroon,Robusta/Arabica,22260000.0,2012
Central African Republic,Robusta,1380000.0,2012
Colombia,Arabica,595620000.0,2012
Costa Rica,Arabica,109380000.0,2012
Côte d'Ivoire,Robusta,119640000.0,2012
Democratic Republic of Congo,Robusta/Arabica,20040000.0,2012
El Salvador,Arabica,74400000.0,2012
Equatorial Guinea,Robusta,0.0,2012
Ethiopia,Arabica,367920000.0,2012
Gabon,Robusta,60000.0,2012
Ghana,Robusta,1260000.0,2012
Guatemala,Arabica/Robusta,225780000.0,2012
Guinea,Robusta,14040000.0,2012
Guyana,Robusta,600000.0,2012
Honduras,Arabica,281160000.0,2012
India,Robusta/Arabica,324180000.0,2012
Jamaica,Arabica,1440000.0,2012
Kenya,Arabica,52500000.0,2012
Lao People's Democratic Republic,Robusta,32460000.0,2012
Liberia,Robusta,600000.0,2012
Mexico,Arabica/Robusta,259620000.0,2012
Nepal,Arabica,60000.0,2012
Nicaragua,Arabica,112380000.0,2012
Nigeria,Robusta,2460000.0,2012
Panama,Arabica,6960000.0,2012
Sierra Leone,Robusta,3660000.0,2012
Sri Lanka,Robusta/Arabica,2100000.0,2012
Thailand,Robusta/Arabica,36480000.0,2012
Togo,Robusta,5040000.0,2012
Trinidad & Tobago,Robusta,720000.0,2012
Uganda,Robusta/Arabica,234840000.0,2012
Venezuela,Arabica,57120000.0,2012
Viet Nam,Robusta/Arabica,1404120000.0,2012
Yemen,Arabica,11280000.0,2012
Angola,Robusta/Arabica,2100000.0,2013
Bolivia (Plurinational State of),Arabica,7200000.0,2013
Brazil,Arabica/Robusta,3281340000.0,2013
Burundi,Arabica/Robusta,9780000.0,2013
Ecuador,Arabica/Robusta,39960000.0,2013
Indonesia,Robusta/Arabica,774060000.0,2013
Madagascar,Robusta,35040000.0,2013
Malawi,Arabica,1680000.0,2013
Papua New Guinea,Arabica/Robusta,50100000.0,2013
Paraguay,Arabica,1200000.0,2013
Peru,Arabica,246360000.0,2013
Rwanda,Arabica,15480000.0,2013
Timor-Leste,Arabica,4800000.0,2013
Zimbabwe,Arabica,540000.0,2013
Congo,Robusta,180000.0,2013
Cuba,Arabica,6420000.0,2013
Dominican Republic,Arabica/Robusta,25500000.0,2013
Haiti,Arabica,20700000.0,2013
Philippines,Robusta/Arabica,11160000.0,2013
Tanzania,Arabica/Robusta,48660000.0,2013
Zambia,Arabica,660000.0,2013
Cameroon,Robusta/Arabica,24240000.0,2013
Central African Republic,Robusta,5400000.0,2013
Colombia,Arabica,727440000.0,2013
Costa Rica,Arabica,93120000.0,2013
Côte d'Ivoire,Robusta,155880000.0,2013
Democratic Republic of Congo,Robusta/Arabica,20820000.0,2013
El Salvador,Arabica,30900000.0,2013
Equatorial Guinea,Robusta,0.0,2013
Ethiopia,Arabica,374520000.0,2013
Gabon,Robusta,0.0,2013
Ghana,Robusta,1500000.0,2013
Guatemala,Arabica/Robusta,191340000.0,2013
Guinea,Robusta,6060000.0,2013
Guyana,Robusta,780000.0,2013
Honduras,Arabica,274980000.0,2013
India,Robusta/Arabica,304500000.0,2013
Jamaica,Arabica,1200000.0,2013
Kenya,Arabica,50580000.0,2013
Lao People's Democratic Republic,Robusta,32640000.0,2013
Liberia,Robusta,360000.0,2013
Mexico,Arabica/Robusta,234960000.0,2013
Nepal,Arabica,60000.0,2013
Nicaragua,Arabica,123600000.0,2013
Nigeria,Robusta,2460000.0,2013
Panama,Arabica,6780000.0,2013
Sierra Leone,Robusta,1920000.0,2013
Sri Lanka,Robusta/Arabica,2220000.0,2013
Thailand,Robusta/Arabica,38280000.0,2013
Togo,Robusta,10320000.0,2013
Trinidad & Tobago,Robusta,720000.0,2013
Uganda,Robusta/Arabica,217980000.0,2013
Venezuela,Arabica,48240000.0,2013
Viet Nam,Robusta/Arabica,1656600000.0,2013
Yemen,Arabica,11220000.0,2013
Angola,Robusta/Arabica,2340000.0,2014
Bolivia (Plurinational State of),Arabica,6000000.0,2014
Brazil,Arabica/Robusta,3198300000.0,2014
Burundi,Arabica/Robusta,14880000.0,2014
Ecuador,Arabica/Robusta,38640000.0,2014
Indonesia,Robusta/Arabica,656760000.0,2014
Madagascar,Robusta,30060000.0,2014
Malawi,Arabica,1500000.0,2014
Papua New Guinea,Arabica/Robusta,47880000.0,2014
Paraguay,Arabica,1200000.0,2014
Peru,Arabica,172980000.0,2014
Rwanda,Arabica,14280000.0,2014
Timor-Leste,Arabica,6660000.0,2014
Zimbabwe,Arabica,900000.0,2014
Congo,Robusta,180000.0,2014
Cuba,Arabica,6060000.0,2014
Dominican Republic,Arabica/Robusta,23820000.0,2014
Haiti,Arabica,20580000.0,2014
Philippines,Robusta/Arabica,11580000.0,2014
Tanzania,Arabica/Robusta,45180000.0,2014
Zambia,Arabica,180000.0,2014
Cameroon,Robusta/Arabica,28980000.0,2014
Central African Republic,Robusta,3780000.0,2014
Colombia,Arabica,799980000.0,2014
Costa Rica,Arabica,88500000.0,2014
Côte d'Ivoire,Robusta,103680000.0,2014
Democratic Republic of Congo,Robusta/Arabica,20100000.0,2014
El Salvador,Arabica,39900000.0,2014
Equatorial Guinea,Robusta,0.0,2014
Ethiopia,Arabica,382980000.0,2014
Gabon,Robusta,60000.0,2014
Ghana,Robusta,2100000.0,2014
Guatemala,Arabica/Robusta,198600000.0,2014
Guinea,Robusta,9900000.0,2014
Guyana,Robusta,540000.0,2014
Honduras,Arabica,316080000.0,2014
India,Robusta/Arabica,327000000.0,2014
Jamaica,Arabica,1260000.0,2014
Kenya,Arabica,46200000.0,2014
Lao People's Democratic Republic,Robusta,33120000.0,2014
Liberia,Robusta,420000.0,2014
Mexico,Arabica/Robusta,218160000.0,2014
Nepal,Arabica,120000.0,2014
Nicaragua,Arabica,113880000.0,2014
Nigeria,Robusta,2580000.0,2014
Panama,Arabica,6360000.0,2014
Sierra Leone,Robusta,2760000.0,2014
Sri Lanka,Robusta/Arabica,2160000.0,2014
Thailand,Robusta/Arabica,50700000.0,2014
Togo,Robusta,8580000.0,2014
Trinidad & Tobago,Robusta,720000.0,2014
Uganda,Robusta/Arabica,224640000.0,2014
Venezuela,Arabica,39000000.0,2014
Viet Nam,Robusta/Arabica,1634460000.0,2014
Yemen,Arabica,10680000.0,2014
Angola,Robusta/Arabica,2460000.0,2015
Bolivia (Plurinational State of),Arabica,5040000.0,2015
Brazil,Arabica/Robusta,3172260000.0,2015
Burundi,Arabica/Robusta,16140000.0,2015
Ecuador,Arabica/Robusta,38640000.0,2015
Indonesia,Robusta/Arabica,755100000.0,2015
Madagascar,Robusta,24840000.0,2015
Malawi,Arabica,1260000.0,2015
Papua New Guinea,Arabica/Robusta,42720000.0,2015
Paraguay,Arabica,1200000.0,2015
Peru,Arabica,198240000.0,2015
Rwanda,Arabica,17580000.0,2015
Timor-Leste,Arabica,3540000.0,2015
Zimbabwe,Arabica,840000.0,2015
Congo,Robusta,180000.0,2015
Cuba,Arabica,6000000.0,2015
Dominican Republic,Arabica/Robusta,24000000.0,2015
Haiti,Arabica,20460000.0,2015
Philippines,Robusta/Arabica,12480000.0,2015
Tanzania,Arabica/Robusta,55800000.0,2015
Zambia,Arabica,240000.0,2015
Cameroon,Robusta/Arabica,23460000.0,2015
Central African Republic,Robusta,6000000.0,2015
Colombia,Arabica,840540000.0,2015
Costa Rica,Arabica,86400000.0,2015
Côte d'Ivoire,Robusta,77340000.0,2015
Democratic Republic of Congo,Robusta/Arabica,22260000.0,2015
El Salvador,Arabica,33900000.0,2015
Equatorial Guinea,Robusta,0.0,2015
Ethiopia,Arabica,390900000.0,2015
Gabon,Robusta,60000.0,2015
Ghana,Robusta,2160000.0,2015
Guatemala,Arabica/Robusta,204600000.0,2015
Guinea,Robusta,17160000.0,2015
Guyana,Robusta,660000.0,2015
Honduras,Arabica,347160000.0,2015
India,Robusta/Arabica,349800000.0,2015
Jamaica,Arabica,1200000.0,2015
Kenya,Arabica,47940000.0,2015
Lao People's Democratic Republic,Robusta,32100000.0,2015
Liberia,Robusta,600000.0,2015
Mexico,Arabica/Robusta,166320000.0,2015
Nepal,Arabica,120000.0,2015
Nicaragua,Arabica,127800000.0,2015
Nigeria,Robusta,2460000.0,2015
Panama,Arabica,7620000.0,2015
Sierra Leone,Robusta,2760000.0,2015
Sri Lanka,Robusta/Arabica,2160000.0,2015
Thailand,Robusta/Arabica,45720000.0,2015
Togo,Robusta,4860000.0,2015
Trinidad & Tobago,Robusta,720000.0,2015
Uganda,Robusta/Arabica,219000000.0,2015
Venezuela,Arabica,30000000.0,2015
Viet Nam,Robusta/Arabica,1865400000.0,2015
Yemen,Arabica,9360000.0,2015
Angola,Robusta/Arabica,2700000.0,2016
Bolivia (Plurinational State of),Arabica,4680000.0,2016
Brazil,Arabica/Robusta,3407280000.0,2016
Burundi,Arabica/Robusta,11760000.0,2016
Ecuador,Arabica/Robusta,38700000.0,2016
Indonesia,Robusta/Arabica,692460000.0,2016
Madagascar,Robusta,27180000.0,2016
Malawi,Arabica,1200000.0,2016
Papua New Guinea,Arabica/Robusta,70260000.0,2016
Paraguay,Arabica,1200000.0,2016
Peru,Arabica,253380000.0,2016
Rwanda,Arabica,13860000.0,2016
Timor-Leste,Arabica,4920000.0,2016
Zimbabwe,Arabica,900000.0,2016
Congo,Robusta,180000.0,2016
Cuba,Arabica,6180000.0,2016
Dominican Republic,Arabica/Robusta,24720000.0,2016
Haiti,Arabica,20520000.0,2016
Philippines,Robusta/Arabica,12900000.0,2016
Tanzania,Arabica/Robusta,50760000.0,2016
Zambia,Arabica,780000.0,2016
Cameroon,Robusta/Arabica,17520000.0,2016
Central African Republic,Robusta,2220000.0,2016
Colombia,Arabica,878040000.0,2016
Costa Rica,Arabica,82320000.0,2016
Côte d'Ivoire,Robusta,67020000.0,2016
Democratic Republic of Congo,Robusta/Arabica,16740000.0,2016
El Salvador,Arabica,36600000.0,2016
Equatorial Guinea,Robusta,0.0,2016
Ethiopia,Arabica,428580000.0,2016
Gabon,Robusta,0.0,2016
Ghana,Robusta,1560000.0,2016
Guatemala,Arabica/Robusta,221040000.0,2016
Guinea,Robusta,16200000.0,2016
Guyana,Robusta,600000.0,2016
Honduras,Arabica,447420000.0,2016
India,Robusta/Arabica,369660000.0,2016
Jamaica,Arabica,1080000.0,2016
Kenya,Arabica,47580000.0,2016
Lao People's Democratic Republic,Robusta,30600000.0,2016
Liberia,Robusta,720000.0,2016
Mexico,Arabica/Robusta,218100000.0,2016
Nepal,Arabica,60000.0,2016
Nicaragua,Arabica,153300000.0,2016
Nigeria,Robusta,2580000.0,2016
Panama,Arabica,7200000.0,2016
Sierra Leone,Robusta,2280000.0,2016
Sri Lanka,Robusta/Arabica,2220000.0,2016
Thailand,Robusta/Arabica,32280000.0,2016
Togo,Robusta,1380000.0,2016
Trinidad & Tobago,Robusta,720000.0,2016
Uganda,Robusta/Arabica,297720000.0,2016
Venezuela,Arabica,31500000.0,2016
Viet Nam,Robusta/Arabica,1669140000.0,2016
Yemen,Arabica,8580000.0,2016
Angola,Robusta/Arabica,2100000.0,2017
Bolivia (Plurinational State of),Arabica,5040000.0,2017
Brazil,Arabica/Robusta,3164400000.0,2017
Burundi,Arabica/Robusta,12120000.0,2017
Ecuador,Arabica/Robusta,37440000.0,2017
Indonesia,Robusta/Arabica,651120000.0,2017
Madagascar,Robusta,24240000.0,2017
Malawi,Arabica,840000.0,2017
Papua New Guinea,Arabica/Robusta,44040000.0,2017
Paraguay,Arabica,1200000.0,2017
Peru,Arabica,256740000.0,2017
Rwanda,Arabica,15840000.0,2017
Timor-Leste,Arabica,3900000.0,2017
Zimbabwe,Arabica,420000.0,2017
Congo,Robusta,180000.0,2017
Cuba,Arabica,6780000.0,2017
Dominican Republic,Arabica/Robusta,24720000.0,2017
Haiti,Arabica,20520000.0,2017
Philippines,Robusta/Arabica,12180000.0,2017
Tanzania,Arabica/Robusta,46980000.0,2017
Zambia,Arabica,1140000.0,2017
Cameroon,Robusta/Arabica,22200000.0,2017
Central African Republic,Robusta,3600000.0,2017
Colombia,Arabica,829440000.0,2017
Costa Rica,Arabica,93660000.0,2017
Côte d'Ivoire,Robusta,97440000.0,2017
Democratic Republic of Congo,Robusta/Arabica,22920000.0,2017
El Salvador,Arabica,45600000.0,2017
Equatorial Guinea,Robusta,0.0,2017
Ethiopia,Arabica,440820000.0,2017
Gabon,Robusta,0.0,2017
Ghana,Robusta,780000.0,2017
Guatemala,Arabica/Robusta,224040000.0,2017
Guinea,Robusta,13740000.0,2017
Guyana,Robusta,600000.0,2017
Honduras,Arabica,453600000.0,2017
India,Robusta/Arabica,348780000.0,2017
Jamaica,Arabica,1140000.0,2017
Kenya,Arabica,47400000.0,2017
Lao People's Democratic Republic,Robusta,31980000.0,2017
Liberia,Robusta,960000.0,2017
Mexico,Arabica/Robusta,269100000.0,2017
Nepal,Arabica,120000.0,2017
Nicaragua,Arabica,158520000.0,2017
Nigeria,Robusta,2520000.0,2017
Panama,Arabica,6300000.0,2017
Sierra Leone,Robusta,2280000.0,2017
Sri Lanka,Robusta/Arabica,2220000.0,2017
Thailand,Robusta/Arabica,38280000.0,2017
Togo,Robusta,6900000.0,2017
Trinidad & Tobago,Robusta,720000.0,2017
Uganda,Robusta/Arabica,275820000.0,2017
Venezuela,Arabica,34320000.0,2017
Viet Nam,Robusta/Arabica,2005920000.0,2017
Yemen,Arabica,7920000.0,2017
Angola,Robusta/Arabica,2520000.0,2018
Bolivia (Plurinational State of),Arabica,4980000.0,2018
Brazil,Arabica/Robusta,3907860000.0,2018
Burundi,Arabica/Robusta,12240000.0,2018
Ecuador,Arabica/Robusta,29760000.0,2018
Indonesia,Robusta/Arabica,577080000.0,2018
Madagascar,Robusta,22740000.0,2018
Malawi,Arabica,780000.0,2018
Papua New Guinea,Arabica/Robusta,55800000.0,2018
Paraguay,Arabica,1200000.0,2018
Peru,Arabica,255780000.0,2018
Rwanda,Arabica,22800000.0,2018
Timor-Leste,Arabica,8340000.0,2018
Zimbabwe,Arabica,600000.0,2018
Congo,Robusta,180000.0,2018
Cuba,Arabica,7680000.0,2018
Dominican Republic,Arabica/Robusta,25860000.0,2018
Haiti,Arabica,20820000.0,2018
Philippines,Robusta/Arabica,12360000.0,2018
Tanzania,Arabica/Robusta,70500000.0,2018
Zambia,Arabica,2040000.0,2018
Cameroon,Robusta/Arabica,18600000.0,2018
Central African Republic,Robusta,2220000.0,2018
Colombia,Arabica,831960000.0,2018
Costa Rica,Arabica,85620000.0,2018
Côte d'Ivoire,Robusta,130500000.0,2018
Democratic Republic of Congo,Robusta/Arabica,23820000.0,2018
El Salvador,Arabica,45660000.0,2018
Equatorial Guinea,Robusta,0.0,2018
Ethiopia,Arabica,450660000.0,2018
Gabon,Robusta,60000.0,2018
Ghana,Robusta,900000.0,2018
Guatemala,Arabica/Robusta,240420000.0,2018
Guinea,Robusta,9180000.0,2018
Guyana,Robusta,600000.0,2018
Honduras,Arabica,429180000.0,2018
India,Robusta/Arabica,319500000.0,2018
Jamaica,Arabica,1080000.0,2018
Kenya,Arabica,55800000.0,2018
Lao People's Democratic Republic,Robusta,38820000.0,2018
Liberia,Robusta,360000.0,2018
Mexico,Arabica/Robusta,261060000.0,2018
Nepal,Arabica,60000.0,2018
Nicaragua,Arabica,172740000.0,2018
Nigeria,Robusta,2520000.0,2018
Panama,Arabica,7680000.0,2018
Sierra Leone,Robusta,2700000.0,2018
Sri Lanka,Robusta/Arabica,2160000.0,2018
Thailand,Robusta/Arabica,28920000.0,2018
Togo,Robusta,3240000.0,2018
Trinidad & Tobago,Robusta,780000.0,2018
Uganda,Robusta/Arabica,282240000.0,2018
Venezuela,Arabica,34680000.0,2018
Viet Nam,Robusta/Arabica,1816980000.0,2018
Yemen,Arabica,5160000.0,2018
Angola,Robusta/Arabica,3120000.0,2019
Bolivia (Plurinational State of),Arabica,4860000.0,2019
Brazil,Arabica/Robusta,3492660000.0,2019
Burundi,Arabica/Robusta,16320000.0,2019
Ecuador,Arabica/Robusta,33540000.0,2019
Indonesia,Robusta/Arabica,685980000.0,2019
Madagascar,Robusta,22980000.0,2019
Malawi,Arabica,960000.0,2019
Papua New Guinea,Arabica/Robusta,45120000.0,2019
Paraguay,Arabica,1200000.0,2019
Peru,Arabica,230160000.0,2019
Rwanda,Arabica,20880000.0,2019
Timor-Leste,Arabica,6180000.0,2019
Zimbabwe,Arabica,540000.0,2019
Congo,Robusta,180000.0,2019
Cuba,Arabica,7800000.0,2019
Dominican Republic,Arabica/Robusta,24120000.0,2019
Haiti,Arabica,20820000.0,2019
Philippines,Robusta/Arabica,18420000.0,2019
Tanzania,Arabica/Robusta,55560000.0,2019
Zambia,Arabica,900000.0,2019
Cameroon,Robusta/Arabica,16080000.0,2019
Central African Republic,Robusta,3300000.0,2019
Colombia,Arabica,846000000.0,2019
Costa Rica,Arabica,88320000.0,2019
Côte d'Ivoire,Robusta,115740000.0,2019
Democratic Republic of Congo,Robusta/Arabica,23460000.0,2019
El Salvador,Arabica,39660000.0,2019
Equatorial Guinea,Robusta,0.0,2019
Ethiopia,Arabica,440580000.0,2019
Gabon,Robusta,0.0,2019
Ghana,Robusta,840000.0,2019
Guatemala,Arabica/Robusta,216360000.0,2019
Guinea,Robusta,10680000.0,2019
Guyana,Robusta,600000.0,2019
Honduras,Arabica,355860000.0,2019
India,Robusta/Arabica,299280000.0,2019
Jamaica,Arabica,1380000.0,2019
Kenya,Arabica,50640000.0,2019
Lao People's Democratic Republic,Robusta,37320000.0,2019
Liberia,Robusta,360000.0,2019
Mexico,Arabica/Robusta,239100000.0,2019
Nepal,Arabica,60000.0,2019
Nicaragua,Arabica,172920000.0,2019
Nigeria,Robusta,2520000.0,2019
Panama,Arabica,6840000.0,2019
Sierra Leone,Robusta,2400000.0,2019
Sri Lanka,Robusta/Arabica,2160000.0,2019
Thailand,Robusta/Arabica,31020000.0,2019
Togo,Robusta,2460000.0,2019
Trinidad & Tobago,Robusta,720000.0,2019
Uganda,Robusta/Arabica,330540000.0,2019
Venezuela,Arabica,39000000.0,2019
Viet Nam,Robusta/Arabica,1829220000.0,2019
Yemen,Arabica,5460000.0,2019
